Ngày tháng năm,Tên chứng khoán/cổ phiếu,Độ giao động,Giá trị thay đổi,% thay đổi,Giá trị
17/09/2024 10:01,AAV,Bất thường,,"29,17%",
03/04/2025 09:53,ABB,Bất thường,,"18,3%",
19/12/2024 16:53,ABI,Tăng nhẹ,,"+2,8%",
11/04/2025 17:11,ACB,Tăng nhẹ,,"+6,7%",
31/12/2024 18:25,ACB,Tăng nhẹ,"+0,43","+1,57%","0,43"
18/12/2024 16:12,ACB,Giảm nhẹ,,"-0,2%",
28/11/2024 16:19,ACB,Tăng nhẹ,,"+0,4%",
31/10/2024 16:50,ACB,Tăng nhẹ,,"+1,2%",
11/10/2024 16:10,ACB,Giảm nhẹ,,"-0,38%",
09/10/2024 15:52,ACB,Tăng nhẹ,,"+2,94%",
04/10/2024 15:53,ACB,Giảm nhẹ,,"-1,17%",
26/09/2024 16:11,ACB,Giảm nhẹ,,"-0,76%",
12/09/2024 16:31,ACB,Tăng nhẹ,,"+1,24%",
30/08/2024 15:52,ACB,Tăng nhẹ,,"+0,61%",
29/08/2024 21:51,ACB,Tăng nhẹ,,"+0,61%",
21/08/2024 16:34,ACB,Tăng nhẹ,,"+1,24%",
07/02/2025 15:28,ACV,Bất thường,,"19,76%",
08/11/2024 11:21,ACV,Bất thường,,"13,7%",
25/09/2024 16:05,ACV,Giảm nhẹ,,"-0,19%",
05/11/2024 17:14,AFC,Giảm nhẹ,,"-3,6%",
25/10/2024 17:15,AGG,Giảm nhẹ,,"-0,7%",
04/02/2025 16:15,AGR,Tăng nhẹ,,"+2,7%",
27/11/2024 18:37,AGR,Giảm nhẹ,,"-1,45%",
26/11/2024 16:03,AGR,Tăng nhẹ,,"+1,8%",
18/11/2024 16:29,AGR,Tăng nhẹ,,"+3,4%",
15/11/2024 18:25,AGR,Bất thường,,"4,1%",
14/11/2024 16:35,AGR,Giảm nhẹ,,"-4,2%",
07/11/2024 16:50,AGR,Giảm nhẹ,,"-0,8%",
06/11/2024 17:13,AGR,Tăng nhẹ,,"+3,7%",
22/10/2024 15:37,AGR,Giảm nhẹ,,"-1,9%",
11/10/2024 16:10,AGR,Tăng nhẹ,,"+1,4%",
30/09/2024 16:19,AGR,Tăng nhẹ,,"+1,6%",
17/09/2024 15:48,AGR,Tăng nhẹ,,"+3,1%",
27/08/2024 19:24,AGR,Giảm nhẹ,,"-1,6%",
13/08/2024 16:36,AGR,Giảm nhẹ,,"-1,44%",
25/12/2024 09:05,AIG,Giảm nhẹ,,"-8,1%",
17/02/2025 15:54,AMC,Tăng nhẹ,,"+9,3%",
11/02/2025 17:42,AMC,Giảm nhẹ,,"-6,4%",
28/03/2025 16:53,ANV,Giảm nhẹ,,"-1,2%",
10/01/2025 16:42,ANV,Giảm nhẹ,,"-3,5%",
16/09/2024 08:07,ANV,Tăng nhẹ,,"+27,2%",
15/04/2025 08:30,APG,Bất thường,,"5,25%",
07/02/2025 17:22,APG,Tăng nhẹ,,"+1,76%",
13/01/2025 15:22,APG,Bất thường,,"45,1%",
26/12/2024 17:40,APG,Giảm nhẹ,,"-6,8%",
15/10/2024 17:49,APG,Giảm nhẹ,,"-3,94%",
11/10/2024 16:10,APG,Bất thường,,"3,5%",
10/09/2024 16:33,APG,Giảm nhẹ,,"-3,2%",
21/08/2024 16:34,AST,Giảm nhẹ,,"-0,2%",
11/11/2024 15:57,ATC,Giảm nhẹ,,"-0,22%",
04/03/2025 16:43,ATS,Tăng nhẹ,,"+62,75%",
10/11/2024 09:06,BAF,Bất thường,,"24,39%",
09/10/2024 18:15,BAF,Giảm nhẹ,,"-25,3%",
12/09/2024 16:37,BAF,Giảm nhẹ,,"-35,3%",
28/08/2024 15:04,BBC,Bất thường,,"98,3%",
16/01/2025 07:33,BCE,Tăng nhẹ,,"+59,6%",
21/11/2024 08:47,BCG,Bất thường,,"54,7%",
26/03/2025 11:41,BCM,Bất thường,,"19,44%",
02/03/2025 08:28,BCM,Giảm nhẹ,,"-60,7%",
07/02/2025 17:22,BCM,Giảm nhẹ,,"-1,1%",
05/12/2024 16:10,BCM,Tăng nhẹ,,"+4,29%",
21/11/2024 16:00,BCM,Giảm nhẹ,,"-0,3%",
14/11/2024 16:35,BCM,Tăng nhẹ,,"+1,03%",
04/11/2024 18:05,BCM,Tăng nhẹ,,"+0,15%",
22/10/2024 15:37,BCM,Giảm nhẹ,,"-2,3%",
21/08/2024 16:34,BCM,Giảm nhẹ,,"-0,69%",
12/08/2024 17:39,BCM,Giảm nhẹ,,"-3,7%",
24/12/2024 16:29,BDC,Tăng nhẹ,,"+3,4%",
23/12/2024 15:47,BFC,Tăng nhẹ,,"+3,8%",
11/12/2024 15:54,BFC,Giảm nhẹ,,"-0,6%",
02/12/2024 15:57,BFC,Tăng nhẹ,,"+0,5%",
27/11/2024 18:37,BFC,Giảm nhẹ,,"-3,72%",
21/11/2024 16:00,BFC,Tăng nhẹ,,"+2,3%",
07/11/2024 16:50,BFC,Giảm nhẹ,,"-0,5%",
30/10/2024 15:57,BFC,Giảm nhẹ,,"-3,4%",
28/10/2024 17:09,BFC,Tăng nhẹ,,"+2,7%",
09/10/2024 15:52,BFC,Tăng nhẹ,,"+2,1%",
12/09/2024 16:31,BFC,Tăng nhẹ,,"+1,7%",
06/09/2024 17:00,BFC,Tăng nhẹ,,"+1,58%",
30/08/2024 15:52,BFC,Tăng nhẹ,,"+0,7%",
26/08/2024 15:52,BFC,Giảm nhẹ,,"-2,4%",
24/03/2025 16:33,BID,Giảm nhẹ,,"-0,89%",
19/02/2025 18:19,BID,Tăng nhẹ,"+0,58","+0,86%","0,58"
10/01/2025 16:42,BID,Giảm nhẹ,,"-2,13%",
08/01/2025 16:08,BID,Giảm nhẹ,,"-0,12%",
30/12/2024 16:30,BID,Giảm nhẹ,,"-2,3%",
25/12/2024 16:19,BID,Tăng nhẹ,,"+1,44%",
23/12/2024 15:47,BID,Tăng nhẹ,,"+0,52%",
18/12/2024 16:12,BID,Tăng nhẹ,,"+0,54%",
16/12/2024 16:15,BID,Bất thường,,"0,75%",
13/12/2024 18:48,BID,Giảm nhẹ,,"-0,43%",
04/12/2024 17:12,BID,Giảm nhẹ,,"-1,95%",
29/11/2024 17:56,BID,Tăng nhẹ,,"+1,41%",
26/11/2024 16:03,BID,Tăng nhẹ,,"+1,54%",
25/11/2024 15:57,BID,Giảm nhẹ,,"-0,33%",
15/11/2024 18:25,BID,Bất thường,,"1,76%",
14/11/2024 16:35,BID,Giảm nhẹ,,"-1,41%",
12/11/2024 16:39,BID,Giảm nhẹ,,"-0,43%",
05/11/2024 17:02,BID,Giảm nhẹ,,"-0,63%",
30/10/2024 15:57,BID,Tăng nhẹ,,"+0,32%",
25/10/2024 17:15,BID,Giảm nhẹ,,"-1,04%",
22/10/2024 15:37,BID,Giảm nhẹ,,"-1,8%","1,24"
21/10/2024 15:50,BID,Giảm nhẹ,,"-1,29%",
17/10/2024 15:54,BID,Tăng nhẹ,"+0,62","+0,9%","0,62"
16/10/2024 15:44,BID,Giảm nhẹ,,"-0,3%",
15/10/2024 17:49,BID,Bất thường,"0,83",,"0,83"
11/10/2024 16:10,BID,Giảm nhẹ,,"-0,7%",
09/10/2024 15:52,BID,Tăng nhẹ,,"+1,12%",
07/10/2024 15:56,BID,Giảm nhẹ,,"-0,3%",
04/10/2024 15:53,BID,Giảm nhẹ,,"-0,61%",
02/10/2024 16:12,BID,Tăng nhẹ,,"+0,2%",
24/09/2024 16:12,BID,Bất thường,,"1,13%",
19/09/2024 15:50,BID,Tăng nhẹ,,"+0,41%",
17/09/2024 15:48,BID,Tăng nhẹ,,"+1,99%",
10/09/2024 16:33,BID,Giảm nhẹ,,"-1,12%",
30/08/2024 15:52,BID,Bất thường,,"0,81%",
27/08/2024 19:24,BID,Giảm nhẹ,,"-1,2%",
26/08/2024 15:52,BID,Giảm nhẹ,,"-0,59%",
23/08/2024 16:04,BID,Tăng nhẹ,,"+1,01%",
21/08/2024 16:34,BID,Tăng nhẹ,,"+2,95%",
20/08/2024 17:53,BID,Tăng nhẹ,"+1,73","+2,6%","1,73"
19/08/2024 16:22,BID,Tăng nhẹ,,"+0,84%",
16/08/2024 15:54,BID,Tăng nhẹ,,"+1,82%",
15/08/2024 17:17,BID,Giảm nhẹ,,"-0,85%","0,56"
09/08/2024 16:15,BID,Tăng nhẹ,,"+1,52%",
18/02/2025 15:23,BMC,Giảm nhẹ,,"-4,65%",
11/02/2025 17:42,BMC,Giảm nhẹ,,"-5,3%",
03/12/2024 18:08,BMI,Tăng nhẹ,,"+3,1%",
08/11/2024 08:29,BMP,Bất thường,,"57,4%",
19/09/2024 17:51,BMP,Tăng nhẹ,,"+11,5%",
24/03/2025 09:29,BOC,Giảm nhẹ,,"-0,25%",
29/03/2025 14:34,BSC,Bất thường,,"2,34%",
01/02/2025 08:15,BSC,Bất thường,,"4,5%",
04/10/2024 09:19,BSC,Bất thường,,"3,06%",
26/03/2025 16:13,BSI,Giảm nhẹ,,"-2,45%",
24/03/2025 16:33,BSI,Tăng nhẹ,,"+3,8%",
05/03/2025 17:50,BSI,Giảm nhẹ,,"-2,2%",
26/12/2024 17:40,BSI,Giảm nhẹ,"-1,4",,
22/11/2024 16:26,BSI,Giảm nhẹ,,"-1,57%",
19/11/2024 16:07,BSI,Giảm nhẹ,,"-2,6%",
14/11/2024 16:35,BSI,Giảm nhẹ,,"-6,8%",
04/11/2024 18:05,BSI,Tăng nhẹ,,"+1,5%",
18/10/2024 15:57,BSI,Giảm nhẹ,,"-0,8%",
01/10/2024 16:55,BSI,Tăng nhẹ,,"+4,6%",
18/09/2024 18:47,BSI,Tăng nhẹ,,"+1,5%",
09/09/2024 16:07,BSI,Giảm nhẹ,,"-1,65%",
14/08/2024 16:13,BSI,Giảm nhẹ,,"-2,7%",
08/08/2024 17:20,BSI,Giảm nhẹ,,"-2,6%",
20/01/2025 16:11,BSR,Bất thường,,"2,55%","0,41"
08/09/2024 16:21,BSR,Bất thường,,"3,35%",
24/08/2024 18:00,BTT,Bất thường,,"33,5%",
03/04/2025 09:53,BVB,Bất thường,,"7,22%",
29/09/2024 17:02,BVB,Bất thường,,"5,26%",
07/03/2025 16:44,BVH,Giảm nhẹ,,"-1,7%",
19/02/2025 18:19,BVH,Giảm nhẹ,,"-1,4%",
19/12/2024 16:53,BVH,Tăng nhẹ,,"+0,38%",
16/12/2024 16:15,BVH,Giảm nhẹ,,"-1,69%",
10/12/2024 16:27,BVH,Tăng nhẹ,,"+1,74%",
05/12/2024 16:10,BVH,Giảm nhẹ,,"-0,19%",
03/12/2024 18:08,BVH,Tăng nhẹ,,"+6,3%",
08/11/2024 17:38,BVH,Tăng mạnh,,"+2,85%",
04/11/2024 18:05,BVH,Tăng nhẹ,,"+0,46%",
09/09/2024 16:07,BVH,Giảm nhẹ,,"-1,8%",
26/03/2025 16:13,BVS,Giảm nhẹ,,"-1,7%",
05/03/2025 17:50,BVS,Giảm nhẹ,,"-1,3%",
21/02/2025 17:39,BVS,Bất thường,,"1,38%",
17/02/2025 15:54,BVS,Tăng nhẹ,,"+3,4%",
13/01/2025 15:22,BVS,Bất thường,,"48,5%",
27/11/2024 18:37,BVS,Giảm nhẹ,,"-2,1%",
15/11/2024 18:25,BVS,Bất thường,,"4,1%",
02/11/2024 11:58,CAD,Bất thường,,"9,1%",
20/12/2024 17:13,CAR,Bất thường,,"8,85%",
05/11/2024 11:25,CAR,Bất thường,,"11,8%",
11/03/2025 09:07,CBA,Bất thường,,"4,4%",
15/03/2025 08:00,CDC,Bất thường,,"53,58%",
17/03/2025 17:40,CEO,Tăng nhẹ,,"+4,7%",
20/02/2025 16:27,CEO,Tăng mạnh,,"2,7%",
19/02/2025 18:19,CEO,Tăng mạnh,,"+6,6%",
06/02/2025 16:25,CEO,Giảm nhẹ,,"-2,2%",
31/01/2025 08:15,CEO,Bất thường,,"2,3%",
19/12/2024 16:53,CEO,Giảm nhẹ,,"-2,1%",
27/11/2024 18:37,CEO,Giảm nhẹ,,"-0,7%",
22/11/2024 16:26,CEO,Giảm nhẹ,,"-2,1%",
13/09/2024 16:09,CEO,Tăng nhẹ,,"+1,3%",
20/08/2024 17:53,CEO,Tăng nhẹ,,"+8,4%",
02/11/2024 11:58,CHF,Bất thường,,"3,6%",
08/03/2025 08:43,CII,Giảm nhẹ,,"-2,7%",
05/11/2024 11:25,CIR,Bất thường,,"24,68%",
06/02/2025 16:25,CLL,Tăng nhẹ,,"+4,8%",
17/01/2025 16:25,CMG,Tăng nhẹ,,"+2,9%",
03/12/2024 18:08,CMG,Tăng nhẹ,,"+3,55%",
12/01/2025 14:26,CPI,Tăng nhẹ,,"+0,1%",
31/12/2024 12:28,CPI,Tăng nhẹ,,"+3,69%",
08/12/2024 16:08,CPI,Tăng nhẹ,,"+0,13%",
15/08/2024 17:17,CPI,Tăng nhẹ,,"+0,2%",
31/03/2025 18:12,CSV,Giảm nhẹ,,"-4,86%",
13/02/2025 17:31,CSV,Tăng nhẹ,,"+5,9%",
31/12/2024 18:25,CSV,Giảm nhẹ,,"-0,9%",
24/12/2024 16:29,CSV,Tăng nhẹ,,"+5,56%",
17/12/2024 16:16,CSV,Tăng nhẹ,,"+0,24%",
13/11/2024 15:34,CSV,Tăng mạnh,,"+6,5%",
11/11/2024 16:24,CSV,Tăng mạnh,,"+5,7%",
15/08/2024 17:17,CSV,Giảm nhẹ,,"-5,35%",
10/03/2025 16:59,CTD,Giảm nhẹ,,"-2,9%",
21/02/2025 17:39,CTD,Tăng nhẹ,,"+3,89%",
30/12/2024 16:30,CTD,Tăng nhẹ,,"+0,9%",
20/12/2024 15:36,CTD,Tăng nhẹ,,"+1,7%",
07/03/2025 16:44,CTG,Tăng nhẹ,,"+1,8%",
20/02/2025 16:27,CTG,Tăng nhẹ,,"+0,86%",
07/02/2025 17:22,CTG,Tăng nhẹ,,"+3,3%",
13/01/2025 16:04,CTG,Tăng nhẹ,,"+0,53%",
10/01/2025 16:42,CTG,Tăng nhẹ,"+0,13","+0,27%","0,13"
08/01/2025 16:08,CTG,Tăng nhẹ,"+0,45","+0,93%","0,45"
06/01/2025 07:26,CTG,Giảm mạnh,,"-1,2%",
03/01/2025 16:06,CTG,Bất thường,,"2,4%",
31/12/2024 18:25,CTG,Giảm nhẹ,,"-2,8%",
25/12/2024 16:19,CTG,Tăng nhẹ,,"+5,52%",
16/12/2024 16:15,CTG,Giảm nhẹ,,"-0,28%",
05/12/2024 16:10,CTG,Bất thường,"1,42",,"1,42"
04/12/2024 17:12,CTG,Giảm nhẹ,,"-1,67%",
02/12/2024 15:57,CTG,Tăng nhẹ,,"+0,28%",
28/11/2024 16:19,CTG,Bất thường,,"0,71%",
26/11/2024 16:03,CTG,Tăng nhẹ,,"+0,57%",
25/11/2024 15:57,CTG,Tăng nhẹ,,"+0,29%",
21/11/2024 16:00,CTG,Tăng nhẹ,,"+2,94%",
18/11/2024 16:29,CTG,Tăng nhẹ,,"+0,6%",
14/11/2024 16:35,CTG,Giảm nhẹ,,"-2,18%",
12/11/2024 16:39,CTG,Giảm nhẹ,,"-1,29%",
08/11/2024 17:38,CTG,Giảm nhẹ,,"-1,7%","0,78"
07/11/2024 16:50,CTG,Giảm nhẹ,,"-0,84%",
05/11/2024 17:02,CTG,Giảm nhẹ,,"-1,82%",
31/10/2024 16:50,CTG,Tăng nhẹ,,"+2,7%",
25/10/2024 17:15,CTG,Giảm nhẹ,,"-0,72%",
21/10/2024 15:50,CTG,Giảm nhẹ,,"-2,07%",
18/10/2024 15:57,CTG,Giảm nhẹ,,"-0,82%",
14/10/2024 15:45,CTG,Giảm nhẹ,,"-0,55%",
07/10/2024 15:56,CTG,Tăng nhẹ,,"+0,56%",
04/10/2024 15:53,CTG,Giảm nhẹ,,"-1,66%",
02/10/2024 16:12,CTG,Giảm nhẹ,,"-1,37%",
27/09/2024 18:12,CTG,Tăng nhẹ,,"+1,65%",
26/09/2024 16:11,CTG,Tăng nhẹ,,"+1,11%",
19/09/2024 15:50,CTG,Tăng nhẹ,,"+0,84%",
18/09/2024 18:47,CTG,Tăng nhẹ,,"+2,15%",
21/08/2024 16:34,CTG,Tăng nhẹ,,"+3,01%",
16/08/2024 15:54,CTG,Tăng nhẹ,,"+2,04%",
12/08/2024 17:39,CTG,Tăng nhẹ,,"+0,63%",
09/08/2024 16:15,CTG,Tăng nhẹ,,"+4,3%",
12/12/2024 16:00,CTI,Tăng nhẹ,,"+2,1%",
22/01/2025 16:06,CTR,Tăng nhẹ,,"+4,2%",
08/01/2025 16:08,CTR,Giảm nhẹ,,"-1,15%",
05/12/2024 16:10,CTR,Giảm nhẹ,,"-2,61%","0,09"
26/11/2024 16:03,CTR,Giảm nhẹ,,"-1,93%",
11/11/2024 16:24,CTR,Giảm nhẹ,,"-1,4%",
18/09/2024 18:47,CTR,Bất thường,,"27,2%",
15/11/2024 18:25,CTS,Bất thường,,"4,6%",
24/10/2024 17:49,CTS,Bất thường,,"2,8%",
22/10/2024 15:37,CTS,Giảm nhẹ,,"-2,5%",
08/08/2024 17:20,CTS,Giảm nhẹ,,"-2,9%",
21/11/2024 11:20,DAP,Tăng nhẹ,,"+7,8%",
24/03/2025 16:33,DBC,Tăng nhẹ,,"+4,35%",
10/03/2025 16:59,DBC,Giảm nhẹ,,"-1,6%",
07/11/2024 09:11,DBD,Bất thường,,"8,79%",
14/10/2024 09:43,DBD,Bất thường,,"13,34%",
08/09/2024 16:21,DCL,Bất thường,,"0,97%",
13/02/2025 17:31,DCM,Tăng nhẹ,,"+3,9%",
31/12/2024 18:25,DCM,Giảm nhẹ,,"-1,8%",
23/12/2024 15:47,DCM,Tăng nhẹ,,"+0,6%",
11/12/2024 15:54,DCM,Bất thường,,"1,1%",
02/12/2024 15:57,DCM,Tăng nhẹ,,"+0,4%",
27/11/2024 18:37,DCM,Giảm nhẹ,,"-2,89%",
21/11/2024 16:00,DCM,Tăng nhẹ,,"+2,2%",
07/11/2024 16:50,DCM,Giảm nhẹ,,"-1,2%",
30/10/2024 15:57,DCM,Giảm nhẹ,,"-1,3%",
28/10/2024 17:09,DCM,Tăng nhẹ,,"+2,2%",
16/10/2024 15:44,DCM,Bất thường,,"2,1%",
09/10/2024 15:52,DCM,Tăng nhẹ,,"+1,9%",
04/10/2024 15:53,DCM,Giảm nhẹ,,"-0,4%",
12/09/2024 16:31,DCM,Tăng nhẹ,,"+1,3%",
06/09/2024 17:00,DCM,Tăng nhẹ,,"+2,33%",
26/08/2024 15:52,DCM,Giảm nhẹ,,"-1,9%",
12/08/2024 17:39,DCM,Tăng nhẹ,,"+1,2%",
03/04/2025 09:53,DDV,Bất thường,,"25,22%",
31/03/2025 18:12,DDV,Giảm nhẹ,,"-3,5%",
06/01/2025 17:43,DDV,Giảm nhẹ,,"-6,5%",
17/12/2024 16:16,DDV,Tăng mạnh,,"+3,7%",
27/11/2024 18:37,DDV,Giảm nhẹ,,"-4,26%",
11/11/2024 16:24,DDV,Tăng nhẹ,,"+4,8%",
13/08/2024 16:36,DDV,Tăng nhẹ,,"+2,86%",
31/03/2025 18:12,DGC,Giảm nhẹ,,"-3,2%",
17/12/2024 16:16,DGC,Tăng nhẹ,,"+0,43%",
12/09/2024 16:31,DGC,Tăng nhẹ,,"+0,5%",
30/08/2024 15:52,DGC,Tăng nhẹ,,"+2,2%",
26/08/2024 15:52,DGC,Giảm nhẹ,,"-1,7%",
28/03/2025 16:53,DGW,Giảm nhẹ,,"-1,8%",
24/01/2025 17:11,DGW,Tăng nhẹ,,"+1,2%",
24/10/2024 17:49,DGW,Bất thường,,"1,4%",
08/10/2024 19:11,DGW,Giảm nhẹ,,"-1,75%",
04/09/2024 16:22,DGW,Bất thường,,"32,05%",
31/12/2024 18:25,DHA,Giảm nhẹ,,"-1,5%",
13/08/2024 16:36,DHB,Tăng nhẹ,,"+2,25%",
11/02/2025 10:29,DHT,Tăng nhẹ,,"+231,5%",
03/12/2024 18:08,DHT,Tăng nhẹ,,"+8,8%",
13/09/2024 09:37,DIC,Tăng nhẹ,,"+9,7%",
10/04/2025 17:50,DIG,Tăng nhẹ,,"+6,69%",
28/03/2025 16:53,DIG,Tăng nhẹ,,"+0,25%",
18/02/2025 15:51,DIG,Tăng nhẹ,,"+2,4%",
27/11/2024 18:37,DIG,Giảm nhẹ,,"-0,24%",
08/11/2024 17:38,DIG,Giảm nhẹ,,"-1,88%",
06/11/2024 17:13,DIG,Giảm nhẹ,,"-0,24%",
15/10/2024 17:49,DIG,Giảm nhẹ,,"-6,6%",
13/09/2024 09:37,DIG,Giảm nhẹ,,"-0,91%",
11/09/2024 17:30,DIG,Giảm nhẹ,,"-2,67%",
06/09/2024 17:00,DIG,Giảm nhẹ,,"-1,75%",
30/08/2024 15:52,DIG,Giảm nhẹ,,"-2,73%",
28/08/2024 17:13,DIG,Giảm nhẹ,,"-3,99%",
20/08/2024 17:53,DIG,Tăng nhẹ,,"+5,7%",
30/09/2024 16:08,DLG,Tăng nhẹ,,"+3,3%",
08/01/2025 16:08,DPG,Tăng nhẹ,,"+2,35%",
13/02/2025 17:31,DPM,Tăng nhẹ,,"+4,7%",
31/12/2024 18:25,DPM,Giảm nhẹ,,"-1,3%",
23/12/2024 15:47,DPM,Tăng nhẹ,,"+0,7%",
11/12/2024 15:54,DPM,Giảm nhẹ,,"-0,7%",
02/12/2024 15:57,DPM,Tăng nhẹ,,"+0,8%",
27/11/2024 18:37,DPM,Giảm nhẹ,,"-2,34%",
21/11/2024 16:00,DPM,Tăng nhẹ,,"+3,1%",
07/11/2024 16:50,DPM,Giảm nhẹ,,"-0,7%",
28/10/2024 17:09,DPM,Tăng nhẹ,,"+0,4%",
09/10/2024 15:52,DPM,Tăng nhẹ,,"+1,4%",
04/10/2024 15:53,DPM,Giảm nhẹ,,"-0,1%",
12/09/2024 16:31,DPM,Tăng nhẹ,,"+0,9%",
06/09/2024 17:00,DPM,Tăng nhẹ,,"+3,45%",
30/08/2024 15:52,DPM,Tăng nhẹ,,"+0,3%",
26/08/2024 15:52,DPM,Giảm nhẹ,,"-2,2%",
22/02/2025 09:36,DPR,Tăng nhẹ,,"+23,9%",
20/02/2025 16:27,DPR,Tăng nhẹ,,"+2,2%",
09/03/2025 08:32,DRG,Giảm nhẹ,,"-60,84%",
31/03/2025 18:12,DRI,Giảm nhẹ,,"-8,4%",
19/11/2024 08:30,DSC,Bất thường,,"35,6%",
19/08/2024 16:22,DSE,Bất thường,,"2,14%",
17/01/2025 16:25,DTD,Tăng nhẹ,,"+2,5%",
03/12/2024 18:08,DVN,Tăng nhẹ,,"+2,3%",
08/09/2024 16:21,DVN,Bất thường,,"1,94%",
13/01/2025 18:05,DVP,Bất thường,,"18,7%",
14/10/2024 15:45,DVP,Giảm nhẹ,,"-0,7%",
09/10/2024 15:52,DVP,Tăng nhẹ,,"+0,8%",
24/09/2024 16:12,DVP,Tăng nhẹ,,"+0,1%",
12/09/2024 16:31,DVP,Tăng nhẹ,,"+0,3%",
21/02/2025 17:39,DXG,Bất thường,,"0,98%",
19/02/2025 18:19,DXG,Tăng nhẹ,,"+3,7%",
06/02/2025 16:25,DXG,Giảm nhẹ,,"-1,6%",
10/01/2025 16:42,DXG,Giảm nhẹ,,"-3,7%",
08/01/2025 16:08,DXG,Bất thường,,"3,45%",
22/11/2024 16:26,DXG,Giảm nhẹ,,"-2,61%",
20/11/2024 16:13,DXG,Tăng nhẹ,,"+6,2%",
18/11/2024 16:29,DXG,Tăng nhẹ,,"+1,9%",
13/11/2024 15:34,DXG,Tăng nhẹ,,"+2,2%",
08/11/2024 17:38,DXG,Giảm nhẹ,,"-3,25%",
06/11/2024 17:13,DXG,Tăng nhẹ,,"+0,9%",
03/10/2024 15:51,DXG,Giảm nhẹ,,"-3,5%",
02/10/2024 16:12,DXG,Giảm nhẹ,,"-4,8%",
27/09/2024 18:12,DXG,Tăng nhẹ,,"+1,5%",
20/09/2024 16:43,DXG,Giảm nhẹ,,"-1,3%",
16/09/2024 19:07,DXG,Giảm nhẹ,,"-2,6%",
13/09/2024 16:09,DXG,Tăng nhẹ,,"+4,8%",
29/08/2024 21:51,DXG,Giảm nhẹ,,"-2,2%",
27/08/2024 19:24,DXG,Tăng nhẹ,,"+1,27%",
18/02/2025 15:51,DXS,Tăng nhẹ,,"+2,8%",
20/11/2024 16:13,DXS,Tăng nhẹ,,"+6,5%",
05/11/2024 17:02,DXS,Tăng nhẹ,,"+1,4%",
12/01/2025 14:26,DXY,Tăng nhẹ,,"+4,7%",
02/11/2024 11:58,DXY,Bất thường,,"57,6%",6
03/02/2025 08:28,ECB,Bất thường,,"0,5%",
13/09/2024 16:09,ECB,Bất thường,,"0,25%",
07/03/2025 16:44,EIB,Giảm nhẹ,,"-2,5%",
05/03/2025 17:50,EIB,Giảm nhẹ,,"-1,12%",
23/12/2024 15:47,EIB,Tăng nhẹ,,"+2,63%",
11/12/2024 15:54,EIB,Tăng nhẹ,,"+1,32%",
27/11/2024 18:37,EIB,Tăng nhẹ,,"+2,2%",
07/11/2024 16:50,EIB,Giảm nhẹ,,"-1,29%",
05/11/2024 17:02,EIB,Tăng nhẹ,,"+3,21%",
25/10/2024 17:15,EIB,Giảm nhẹ,,"-2,57%",
22/10/2024 15:37,EIB,Tăng nhẹ,,"+3,9%",
18/10/2024 15:57,EIB,Tăng nhẹ,,"+3,46%",
14/10/2024 15:45,EIB,Giảm nhẹ,,"-4,45%",
06/10/2024 15:11,EIB,Bất thường,,"0,54%",
02/10/2024 16:12,EIB,Tăng nhẹ,,"+1,59%",
29/09/2024 17:02,EIB,Bất thường,,"7,55%",
30/08/2024 15:52,EIB,Tăng nhẹ,,"+1,64%",
19/08/2024 16:22,EIB,Tăng nhẹ,,"+2,96%",
14/08/2024 16:13,EIB,Giảm nhẹ,,"-1,6%",
03/12/2024 18:08,ELC,Tăng nhẹ,,"+1,3%",
18/01/2025 10:02,ETF,Bất thường,,"3,5%",
27/10/2024 14:32,ETF,Bất thường,,"10,5%",
14/10/2024 08:31,ETF,Tăng nhẹ,,"+30,5%",
09/09/2024 09:23,ETF,Bất thường,,"0,2%",
05/03/2025 17:50,EVF,Giảm nhẹ,,"-2,8%",
10/03/2025 16:59,FCN,Tăng nhẹ,,"+1,7%",
13/01/2025 16:04,FCN,Tăng nhẹ,,"+2,5%",
13/08/2024 16:36,FCN,Giảm nhẹ,,"-1,2%",
25/11/2024 16:37,FDC,Bất thường,,"18,12%",
10/02/2025 08:36,FDI,Tăng nhẹ,,"+7,5%",
14/01/2025 07:32,FDI,Tăng nhẹ,,"+9,4%",
26/08/2024 07:23,FED,Giảm nhẹ,,"-0,25%",
19/03/2025 12:43,FOL,Giảm nhẹ,,"-20,5%",
22/10/2024 09:13,FOL,Bất thường,,"95,6%",
05/09/2024 14:27,FOL,Bất thường,,"95,6%",
31/10/2024 16:50,FOX,Giảm nhẹ,,"-2,1%",
26/03/2025 16:13,FPT,Giảm nhẹ,,"-2,8%",
21/03/2025 17:50,FPT,Tăng mạnh,"+1,05","+2,4%","1,05"
21/03/2025 09:02,FPT,Bất thường,,"43,96%",
13/02/2025 17:31,FPT,Bất thường,,"1,3%",
11/02/2025 17:42,FPT,Tăng nhẹ,,"+2,4%",
04/02/2025 16:15,FPT,Tăng nhẹ,,"+0,48%",
24/01/2025 17:11,FPT,Giảm nhẹ,,"-0,58%","0,32"
17/01/2025 16:25,FPT,Tăng nhẹ,"+0,87","+1,7%","0,87"
08/01/2025 16:08,FPT,Giảm nhẹ,,"-1,2%",
08/01/2025 08:26,FPT,Giảm nhẹ,,"-5,08%",
31/12/2024 18:25,FPT,Tăng nhẹ,"+0,71","+1,33%","0,71"
30/12/2024 16:30,FPT,Tăng nhẹ,,"+0,6%",
26/12/2024 17:40,FPT,Giảm nhẹ,,"-0,66%","0,39"
24/12/2024 16:29,FPT,Tăng nhẹ,,"+0,4%",
18/12/2024 16:12,FPT,Tăng nhẹ,,"+0,47%",
11/12/2024 15:54,FPT,Tăng nhẹ,,"+0,67%",
10/12/2024 16:27,FPT,Tăng nhẹ,,"+1,7%",
05/12/2024 16:10,FPT,Tăng nhẹ,,"+3,5%",
02/12/2024 15:57,FPT,Giảm nhẹ,,"-0,77%",
29/11/2024 17:56,FPT,Tăng nhẹ,,"+3,52%",
28/11/2024 16:19,FPT,Tăng nhẹ,,"+0,36%",
27/11/2024 18:37,FPT,Tăng nhẹ,,"+2,74%",
20/11/2024 16:13,FPT,Tăng nhẹ,,"+1,85%",
15/11/2024 18:25,FPT,Bất thường,,"1,54%",
11/11/2024 16:24,FPT,Tăng nhẹ,,"+1,84%",
14/10/2024 15:45,FPT,Giảm nhẹ,,"-1,43%",
11/10/2024 16:10,FPT,Giảm nhẹ,,"-1,48%",
10/10/2024 16:45,FPT,Tăng nhẹ,,"+4,65%",
07/10/2024 14:28,FPT,Bất thường,,"2,97%",
04/10/2024 09:19,FPT,Bất thường,,"3,52%",
26/09/2024 16:11,FPT,Giảm nhẹ,,"-0,37%",
11/09/2024 17:30,FPT,Tăng nhẹ,"+0,24","+0,46%","0,24"
09/09/2024 16:07,FPT,Giảm nhẹ,,"-0,6%",
05/09/2024 16:22,FPT,Giảm nhẹ,,"-1,8%",
04/09/2024 17:11,FPT,Giảm nhẹ,,"-2,4%",
12/08/2024 17:39,FPT,Bất thường,,"2,44%",
09/08/2024 16:15,FPT,Bất thường,,"4,53%",
28/03/2025 16:53,FRT,Giảm nhẹ,,"-1,2%",
24/02/2025 17:02,FRT,Giảm mạnh,,"-2,8%","0,17"
28/11/2024 16:19,FRT,Tăng nhẹ,,"+1,9%",
17/09/2024 10:56,FRT,Bất thường,,"1,24%",
27/08/2024 19:24,FRT,Giảm nhẹ,,"-2,02%",
28/03/2025 16:53,FTS,Tăng nhẹ,,"+1,4%",
26/03/2025 16:13,FTS,Giảm nhẹ,,"-2,56%",
24/03/2025 16:33,FTS,Tăng nhẹ,,"+2,4%",
03/03/2025 16:37,FTS,Tăng nhẹ,,"+4,8%",
24/02/2025 17:02,FTS,Tăng nhẹ,,"+6,6%",
13/01/2025 15:22,FTS,Bất thường,,"33,4%",
22/11/2024 16:26,FTS,Giảm nhẹ,,"-1,55%",
24/10/2024 17:49,FTS,Bất thường,,"3,1%",
22/10/2024 15:37,FTS,Giảm nhẹ,,"-2,35%",
30/09/2024 16:19,FTS,Tăng nhẹ,,"+1,1%",
13/09/2024 16:09,FTS,Tăng nhẹ,,"+2,33%",
11/09/2024 17:30,FTS,Tăng nhẹ,,"+2,14%",
13/08/2024 16:36,FTS,Giảm nhẹ,,"-1,8%",
23/12/2024 15:47,GAS,Giảm nhẹ,,"-0,15%",
18/12/2024 16:12,GAS,Tăng nhẹ,,"+0,74%",
16/12/2024 16:15,GAS,Giảm nhẹ,,"-0,44%",
02/12/2024 15:57,GAS,Bất thường,,"0,57%",
29/11/2024 17:56,GAS,Tăng nhẹ,,"+0,4%",
22/11/2024 16:26,GAS,Tăng nhẹ,,"+1,47%",
21/11/2024 16:00,GAS,Tăng nhẹ,,"+0,9%",
14/11/2024 16:35,GAS,Giảm nhẹ,,"-0,7%",
28/10/2024 17:09,GAS,Giảm nhẹ,,"-0,28%",
04/10/2024 15:53,GAS,Tăng nhẹ,,"+1,1%",
09/09/2024 16:07,GAS,Tăng nhẹ,,"+0,71%",
06/09/2024 17:00,GAS,Tăng nhẹ,,"+0,96%",
21/08/2024 16:34,GAS,Tăng nhẹ,,"+0,6%",
20/08/2024 15:51,GAS,Bất thường,,"95,76%",
12/08/2024 17:39,GAS,Tăng nhẹ,,"+1,1%",
08/08/2024 17:20,GAS,Tăng nhẹ,"+1,28","+2,9%","1,28"
02/11/2024 11:58,GBP,Bất thường,,"11,9%",
09/09/2024 16:07,GDA,Tăng nhẹ,,"+2,6%",
12/03/2025 16:11,GDP,Tăng nhẹ,,"+7,09%",
12/03/2025 08:00,GDP,Tăng nhẹ,,"+7,09%",
09/02/2025 12:24,GDP,Tăng nhẹ,,"+6,5%",
09/02/2025 09:03,GDP,Tăng nhẹ,,"+7,0%",
08/02/2025 12:53,GDP,Tăng nhẹ,,"+3,3%",
02/01/2025 08:58,GDP,Bất thường,,"92,7%",
31/12/2024 12:28,GDP,Bất thường,,"114,4%",
28/12/2024 15:52,GDP,Ổn định,,"4,0%",
28/12/2024 13:25,GDP,Tăng nhẹ,,"+6,5%",
18/12/2024 21:31,GDP,Tăng nhẹ,,"+19,3%",
16/12/2024 22:53,GDP,Tăng nhẹ,,"+6,5%",
12/12/2024 16:45,GDP,Tăng nhẹ,,"+6,9%",
12/12/2024 14:50,GDP,Tăng nhẹ,,"+7,06%",
12/11/2024 08:54,GDP,Giảm nhẹ,,"-0,2%",
05/11/2024 17:14,GDP,Tăng nhẹ,,"+7,7%",
30/10/2024 10:22,GDP,Tăng nhẹ,,"+6,2%",
08/10/2024 19:11,GDP,Tăng nhẹ,,"+7,4%",
19/09/2024 10:33,GDP,Bất thường,,"0,35%",
16/09/2024 19:07,GDP,Bất thường,,"0,15%",
19/02/2025 18:19,GEE,Giảm nhẹ,,"-3,8%",
20/02/2025 16:27,GEX,Giảm nhẹ,,"-0,9%",
10/01/2025 16:42,GIL,Giảm nhẹ,,"-3,5%",
06/11/2024 17:13,GIL,Tăng nhẹ,,"+3,36%",
20/03/2025 11:39,GMD,Bất thường,,"14,3%",
04/12/2024 17:12,GMD,Tăng nhẹ,,"+1,09%",
14/10/2024 15:45,GMD,Giảm nhẹ,,"-0,9%",
09/10/2024 15:52,GMD,Tăng nhẹ,,"+0,3%",
12/09/2024 16:31,GMD,Tăng nhẹ,,"+0,5%",
24/03/2025 16:33,GVR,Giảm nhẹ,,"-1,16%",
12/03/2025 18:20,GVR,Giảm nhẹ,,"-1,8%","0,56"
07/03/2025 16:44,GVR,Giảm nhẹ,,"-1,5%",
05/03/2025 17:50,GVR,Giảm nhẹ,,"-1,5%","0,48"
20/02/2025 16:27,GVR,Tăng nhẹ,,"+2,2%",
13/02/2025 17:31,GVR,Tăng nhẹ,,"+2,4%",
18/12/2024 16:12,GVR,Tăng nhẹ,,"+0,8%",
16/12/2024 16:15,GVR,Giảm nhẹ,,"-0,64%",
11/12/2024 15:54,GVR,Giảm nhẹ,,"-0,94%",
01/11/2024 16:08,GVR,Giảm nhẹ,,"-1,82%","0,58"
30/10/2024 15:57,GVR,Bất thường,,"0,76%",
21/10/2024 15:50,GVR,Giảm nhẹ,,"-1,81%",
15/10/2024 17:49,GVR,Giảm nhẹ,,"-1,52%","0,53"
27/09/2024 18:12,GVR,Giảm nhẹ,,"-1,1%","0,39"
25/09/2024 16:05,GVR,Giảm nhẹ,,"-0,41%","0,15"
05/09/2024 16:22,GVR,Giảm nhẹ,,"-2,31%",
29/08/2024 21:51,GVR,Giảm nhẹ,,"-0,98%","0,34"
23/08/2024 16:04,GVR,Bất thường,,"1,87%",
16/08/2024 15:54,GVR,Tăng nhẹ,,"+5,82%",
10/10/2024 09:06,HAC,Bất thường,,"15,23%",
14/11/2024 16:35,HAG,Tăng nhẹ,,"+3,98%",
16/08/2024 09:52,HAG,Bất thường,,"1,04%",
09/08/2024 16:15,HAG,Bất thường,,"2,79%",
04/12/2024 17:12,HAH,Tăng nhẹ,,"+4,49%",
31/10/2024 16:50,HAH,Tăng nhẹ,,"+0,34%",
23/10/2024 15:51,HAH,Tăng nhẹ,,"+1,6%",
09/10/2024 15:52,HAH,Tăng nhẹ,,"+1,6%",
24/09/2024 16:12,HAH,Tăng nhẹ,,"+0,6%",
09/08/2024 17:59,HAH,Bất thường,,"1,695%",
07/02/2025 15:28,HBC,Bất thường,,"4,28%",
30/12/2024 16:30,HBC,Bất thường,,"3,2%",
05/09/2024 17:25,HBC,Tăng nhẹ,,"+5,5%",
10/08/2024 17:27,HBC,Giảm nhẹ,,"-8,08%",
24/03/2025 16:33,HCM,Tăng nhẹ,,"+1,7%",
24/02/2025 17:02,HCM,Tăng nhẹ,,"+2,34%",
08/01/2025 16:33,HCM,Tăng nhẹ,,,"28.400,0"
06/01/2025 16:33,HCM,Giảm nhẹ,"-7,6", "-3,7%","28.150,0"
02/01/2025 16:33,HCM,Tăng nhẹ,,,"29.300,0"
13/01/2025 16:08,HCM,Bất thường,,"17,26%",
13/01/2025 15:22,HCM,Giảm nhẹ,,"-29,2%",
08/01/2025 08:26,HCM,Bất thường,,"6,75%",
30/12/2024 16:30,HCM,Tăng nhẹ,,"+0,5%",
26/11/2024 16:03,HCM,Tăng nhẹ,,"+1,6%",
18/11/2024 16:29,HCM,Tăng nhẹ,,"+3,6%",
04/11/2024 18:05,HCM,Tăng nhẹ,,"+2,1%",
24/10/2024 17:49,HCM,Bất thường,,"2,4%",
22/10/2024 15:37,HCM,Giảm nhẹ,,"-2,2%",
15/10/2024 17:49,HCM,Giảm nhẹ,,"-2,1%",
11/10/2024 16:10,HCM,Tăng nhẹ,,"+2,6%",
07/10/2024 14:28,HCM,Tăng nhẹ,,"+1,46%",
04/10/2024 09:19,HCM,Bất thường,,"6,2%",
25/09/2024 16:05,HCM,Tăng nhẹ,,"+1,63%",
18/09/2024 18:47,HCM,Tăng nhẹ,,"+3,97%",
17/09/2024 15:48,HCM,Tăng nhẹ,,"+2,8%",
16/09/2024 19:07,HCM,Giảm mạnh,,"-3,4%",
13/09/2024 16:09,HCM,Tăng nhẹ,,"+1,2%",
12/09/2024 16:31,HCM,Tăng nhẹ,"+7,6",,
27/08/2024 19:24,HCM,Giảm nhẹ,,"-1,68%",
22/01/2025 16:06,HDB,Giảm nhẹ,,"-2,87%",
20/01/2025 16:11,HDB,Tăng nhẹ,,"+2,22%",
17/01/2025 16:25,HDB,Tăng mạnh,"+0,66","+3,7%","0,66"
08/01/2025 16:08,HDB,Giảm nhẹ,,"-3,92%",
06/01/2025 07:26,HDB,Bất thường,,"56,9%",
31/12/2024 18:25,HDB,Giảm nhẹ,,"-4,3%",
11/12/2024 15:54,HDB,Tăng nhẹ,,"+1,07%",
10/12/2024 16:27,HDB,Tăng mạnh,,"+3,7%",
03/12/2024 18:08,HDB,Tăng nhẹ,,"+2,56%",
28/11/2024 16:19,HDB,Tăng nhẹ,,"+0,6%",
26/11/2024 16:03,HDB,Tăng nhẹ,,"+1,42%",
07/11/2024 16:50,HDB,Giảm nhẹ,,"-0,57%",
04/11/2024 18:05,HDB,Giảm nhẹ,,"-1,9%",
18/10/2024 15:57,HDB,Tăng nhẹ,,"+1,5%",
14/10/2024 15:45,HDB,Giảm nhẹ,,"-1,28%",
09/10/2024 15:52,HDB,Giảm nhẹ,,"-0,74%",
07/10/2024 15:56,HDB,Giảm nhẹ,,"-1,65%",
02/10/2024 16:12,HDB,Giảm nhẹ,,"-1,61%",
26/09/2024 16:11,HDB,Bất thường,,"3,85%",
30/08/2024 15:52,HDB,Tăng nhẹ,,"+1,28%",
29/08/2024 21:51,HDB,Tăng nhẹ,,"+1,11%",
10/01/2025 16:42,HDC,Giảm nhẹ,,"-3,9%",
13/11/2024 15:34,HDC,Tăng nhẹ,,"+2,8%",
27/08/2024 19:24,HDC,Tăng nhẹ,,"+3,5%",
13/11/2024 15:34,HDG,Tăng nhẹ,,"+2,9%",
27/09/2024 18:12,HDG,Bất thường,,"2,25%",
11/09/2024 17:30,HDG,Giảm nhẹ,,"-1,25%",
08/08/2024 17:20,HDG,Giảm nhẹ,,"-2,83%",
23/08/2024 15:44,HDI,Bất thường,,"41,05%",
29/08/2024 08:38,HEV,Tăng nhẹ,,"+86,58%",
04/03/2025 16:43,HGM,Tăng nhẹ,,"+67,49%",
28/10/2024 15:10,HHC,Bất thường,,"18,26%",
10/03/2025 16:59,HHV,Tăng nhẹ,,"+2,4%",
13/01/2025 16:04,HHV,Tăng nhẹ,,"+2,2%",
30/10/2024 14:38,HIO,Giảm nhẹ,,"-67,2%",
06/09/2024 09:15,HKT,Bất thường,,"13,11%",
17/09/2024 16:57,HNF,Bất thường,,"3,8%",
07/02/2025 15:28,HNG,Bất thường,,"23,91%",
03/12/2024 11:48,HNG,Bất thường,,"36,18%",
12/11/2024 16:39,HNG,Bất thường,,"2,08%",
10/08/2024 17:27,HNG,Bất thường,,"27,63%",
09/08/2024 16:15,HNG,Bất thường,,"2,86%",
20/12/2024 15:29,HNM,Bất thường,,"31,7%",
26/03/2025 11:14,HNX,Bất thường,,"5,44%",
19/03/2025 22:40,HNX,Bất thường,,"1,79%",
04/03/2025 16:43,HNX,Bất thường,,"3,84%",
31/12/2024 08:42,HNX,Bất thường,,"5,8%",
03/12/2024 11:48,HNX,Bất thường,,"3,05%",
13/10/2024 16:19,HNX,Giảm nhẹ,,"-26,23%",
06/10/2024 15:11,HNX,Tăng nhẹ,,"+11,70%",
04/10/2024 15:11,HNX,Giảm nhẹ,,"-1,12%",
29/09/2024 17:02,HNX,Tăng nhẹ,,"+22,53%",
08/09/2024 16:21,HNX,Bất thường,,"42,5%",
11/08/2024 15:45,HNX,Giảm nhẹ,,"-0,4%",
08/04/2025 17:09,HNX-Index,Giảm nhẹ,"-15,93","-7,34%","201,04"
31/03/2025 18:12,HNX-Index,Giảm nhẹ,"-3,14","-1,32%","235,06"
26/03/2025 16:13,HNX-Index,Giảm nhẹ,"-3,23","-1,32%","241,33"
21/03/2025 17:50,HNX-Index,Tăng nhẹ,"+0,05","+0,02%","245,82"
19/03/2025 17:34,HNX-Index,Giảm nhẹ,"-1,75","-0,71%","245,28"
17/03/2025 17:40,HNX-Index,Tăng nhẹ,"+4,04","+1,66%","246,77"
14/03/2025 16:57,HNX-Index,Tăng nhẹ,"+1,42","+0,59%","242,73"
12/03/2025 18:20,HNX-Index,Tăng nhẹ,"+1,29","+0,54%","241,87"
07/03/2025 16:44,HNX-Index,Tăng nhẹ,"+0,4","+0,17%","238,41"
05/03/2025 17:50,HNX-Index,Giảm nhẹ,"-1,94","-0,82%","235,41"
03/03/2025 16:37,HNX-Index,Giảm nhẹ,"-0,85","-0,36%","238,34"
24/02/2025 17:02,HNX-Index,Tăng nhẹ,"+0,92","+0,39%","239,49"
20/02/2025 16:27,HNX-Index,Tăng nhẹ,"+0,23","+0,1%","238,02"
19/02/2025 18:19,HNX-Index,Tăng nhẹ,"+1,95","+0,83%","237,79"
18/02/2025 15:51,HNX-Index,Tăng nhẹ,"+2,65","+1,14%","235,84"
17/02/2025 15:54,HNX-Index,Tăng nhẹ,"+1,97","+0,85%","233,19"
11/02/2025 17:42,HNX-Index,Tăng nhẹ,"+0,9","+0,39%","228,87"
06/02/2025 16:25,HNX-Index,Tăng nhẹ,"+1,15","+0,5%","229,13"
04/02/2025 16:15,HNX-Index,Tăng nhẹ,"+3,12","+1,4%","226,61"
03/02/2025 16:43,HNX-Index,Tăng nhẹ,"+0,48","+0,22%","253,03"
24/01/2025 17:11,HNX-Index,Tăng nhẹ,"+0,34","+0,15%","223,01"
22/01/2025 16:06,HNX-Index,Giảm nhẹ,"-1,01","-0,46%","220,67"
20/01/2025 16:11,HNX-Index,Giảm nhẹ,"-0,79","-0,36%","221,69"
17/01/2025 16:25,HNX-Index,Tăng nhẹ,"+1,64","+0,74%","222,48"
10/01/2025 16:42,HNX-Index,Giảm nhẹ,"-2,45","-1,1%","219,49"
08/01/2025 16:08,HNX-Index,Tăng nhẹ,"+0,89","+0,4%","221,87"
06/01/2025 17:43,HNX-Index,Giảm nhẹ,"-2,71","-1,2%","222,95"
31/12/2024 18:25,HNX-Index,Giảm nhẹ,"-0,71","-0,31%","227,43"
26/12/2024 17:40,HNX-Index,Tăng nhẹ,"+0,09","+0,04%","0,09"
24/12/2024 16:29,HNX-Index,Giảm nhẹ,"-0,15","-0,07%","228,36"
19/12/2024 16:53,HNX-Index,Tăng nhẹ,"+0,11","+0,05%","227,54"
17/12/2024 16:16,HNX-Index,Giảm nhẹ,"-0,15","-0,07%","226,89"
12/12/2024 16:00,HNX-Index,Giảm nhẹ,"-0,19","-0,08%","227,99"
10/12/2024 16:27,HNX-Index,Tăng nhẹ,"+0,03","+0,01%","229,24"
05/12/2024 16:10,HNX-Index,Tăng nhẹ,"+4,98","+2,22%","4,98"
03/12/2024 18:08,HNX-Index,Giảm nhẹ,"-0,03","-0,01%","225,29"
27/11/2024 18:37,HNX-Index,Giảm nhẹ,"-0,61","-0,27%","223,09"
25/11/2024 15:57,HNX-Index,Tăng nhẹ,"+0,96","+0,43%","222,25"
22/11/2024 16:26,HNX-Index,Giảm nhẹ,"-0,47","-0,21%","221,29"
20/11/2024 16:13,HNX-Index,Tăng nhẹ,"+1,61","+0,73%","221,29"
18/11/2024 16:29,HNX-Index,Tăng nhẹ,,"+0,12%",
15/11/2024 18:25,HNX-Index,Bất thường,,"1,02%",
13/11/2024 15:34,HNX-Index,Giảm nhẹ,,"-0,21%","226,21"
11/11/2024 16:24,HNX-Index,Giảm nhẹ,"-0,02","-0,01%","226,86"
08/11/2024 17:38,HNX-Index,Giảm nhẹ,"-0,61","-0,27%","226,88"
06/11/2024 17:13,HNX-Index,Tăng nhẹ,"+2,9","+1,29%","227,76"
05/11/2024 20:46,HNX-Index,Bất thường,,"3,64%",
04/11/2024 18:05,HNX-Index,Giảm nhẹ,"-0,96","-0,43%","0,96"
01/11/2024 16:08,HNX-Index,Giảm nhẹ,"-0,95","-0,42%","225,41"
31/10/2024 16:50,HNX-Index,Tăng nhẹ,"+0,48","+0,21%","226,36"
24/10/2024 17:49,HNX-Index,Bất thường,,"0,8%",
22/10/2024 15:37,HNX-Index,Giảm nhẹ,"-1,93","-0,85%","1,93"
17/10/2024 15:54,HNX-Index,Tăng nhẹ,"+1,86","+0,81%","230,12"
15/10/2024 17:49,HNX-Index,Giảm nhẹ,"-1,76","-0,76%","1,76"
10/10/2024 16:45,HNX-Index,Giảm nhẹ,"-0,48","-0,21%","231,29"
08/10/2024 19:11,HNX-Index,Giảm nhẹ,"-0,95","-0,41%","231,52"
03/10/2024 15:51,HNX-Index,Giảm nhẹ,"-1,7","-0,72%","233,35"
01/10/2024 16:55,HNX-Index,Tăng nhẹ,"+1,14","+0,49%","236,05"
30/09/2024 16:19,HNX-Index,Giảm nhẹ,"-0,8","-0,34%","234,91"
27/09/2024 18:12,HNX-Index,Giảm nhẹ,"-0,21","-0,09%","235,71"
25/09/2024 16:05,HNX-Index,Tăng nhẹ,"+1,52","+0,65%","1,52"
20/09/2024 16:43,HNX-Index,Tăng nhẹ,"+0,53","+0,23%","0,53"
18/09/2024 18:47,HNX-Index,Tăng nhẹ,"+0,65","+0,28%","232,95"
16/09/2024 19:07,HNX-Index,Giảm nhẹ,"-1,58","-0,68%","230,84"
13/09/2024 16:09,HNX-Index,Tăng nhẹ,"+0,52","+0,22%","232,42"
11/09/2024 17:30,HNX-Index,Giảm nhẹ,"-0,24","-0,1%","231,45"
09/09/2024 16:07,HNX-Index,Giảm nhẹ,"-1,19","-0,51%","233,46"
06/09/2024 17:00,HNX-Index,Giảm nhẹ,"-0,31","-0,13%","234,65"
04/09/2024 17:11,HNX-Index,Giảm nhẹ,"-1,42","-0,6%","236,14"
29/08/2024 21:51,HNX-Index,Giảm nhẹ,"-0,35","-0,15%","237,88"
27/08/2024 19:24,HNX-Index,Giảm nhẹ,"-0,06","-0,03%","238,91"
20/08/2024 17:53,HNX-Index,Tăng nhẹ,"+1,3","+0,55%","237,31"
15/08/2024 17:17,HNX-Index,Giảm nhẹ,"-1,14","-0,5%","228,54"
13/08/2024 16:36,HNX-Index,Giảm nhẹ,"-0,59","-0,26%","230,18"
08/08/2024 17:20,HNX-Index,Giảm nhẹ,"-1,22","-0,54%","226,73"
23/09/2024 07:14,HPC,Bất thường,,"52,25%",
06/09/2024 11:43,HPC,Bất thường,,"52,25%",
24/02/2025 17:02,HPG,Tăng nhẹ,,"+4,73%",
11/02/2025 17:42,HPG,Tăng nhẹ,,"+2,8%",
04/02/2025 16:15,HPG,Tăng nhẹ,,"+1,7%",
20/01/2025 16:11,HPG,Giảm mạnh,,"-0,19%",
13/01/2025 16:04,HPG,Tăng nhẹ,,"+1,4%",
10/01/2025 16:42,HPG,Giảm nhẹ,,"-1,7%",
08/01/2025 16:08,HPG,Tăng nhẹ,,"+0,77%",
06/01/2025 17:43,HPG,Giảm nhẹ,,"-2,1%","0,85"
03/01/2025 16:06,HPG,Bất thường,,"1,5%",
25/12/2024 16:19,HPG,Tăng nhẹ,,"+1,7%",
24/12/2024 16:29,HPG,Giảm nhẹ,,"-1,1%","0,47"
23/12/2024 15:47,HPG,Tăng nhẹ,,"+1,12%",
20/12/2024 15:36,HPG,Giảm nhẹ,,"-0,56%",
19/12/2024 16:53,HPG,Giảm nhẹ,,"-1,83%","0,77"
18/12/2024 16:12,HPG,Bất thường,,"1,3%",
16/12/2024 16:15,HPG,Bất thường,,"0,74%",
10/12/2024 16:27,HPG,Tăng nhẹ,,"+0,9%",
05/12/2024 16:10,HPG,Tăng nhẹ,,"+4,3%",
04/12/2024 17:12,HPG,Giảm nhẹ,,"-1,1%",
29/11/2024 17:56,HPG,Tăng nhẹ,,"+1,33%",
19/11/2024 16:07,HPG,Giảm nhẹ,,"-1,4%",
14/11/2024 16:35,HPG,Giảm nhẹ,,"-2,77%",
12/11/2024 16:39,HPG,Giảm nhẹ,,"-0,7%",
11/11/2024 16:24,HPG,Tăng nhẹ,,"+2,6%",
05/11/2024 17:02,HPG,Tăng nhẹ,,"+0,8%",
30/10/2024 15:57,HPG,Giảm nhẹ,,"-0,2%",
28/10/2024 17:09,HPG,Bất thường,,"1,13%",
22/10/2024 15:37,HPG,Giảm nhẹ,,"-1,5%",
18/10/2024 15:57,HPG,Giảm nhẹ,,"-1,1%",
14/10/2024 15:45,HPG,Giảm nhẹ,,"-0,9%",
11/10/2024 16:10,HPG,Tăng nhẹ,,"+0,2%",
09/10/2024 15:52,HPG,Tăng nhẹ,,"+2,04%",
08/10/2024 19:11,HPG,Tăng nhẹ,"+0,85","+2,1%","0,85"
02/10/2024 16:12,HPG,Giảm nhẹ,,"-1,68%",
01/10/2024 16:55,HPG,Tăng nhẹ,,"+1,5%",
26/09/2024 16:11,HPG,Giảm nhẹ,,"-0,57%",
19/09/2024 15:50,HPG,Tăng nhẹ,,"+0,5%",
18/09/2024 18:47,HPG,Giảm nhẹ,,"-0,59%",
17/09/2024 15:48,HPG,Tăng nhẹ,,"+1,6%",
12/09/2024 16:31,HPG,Giảm nhẹ,,"-0,99%",
10/09/2024 16:33,HPG,Giảm nhẹ,,"-1,76%",
09/09/2024 16:07,HPG,Bất thường,"0,31",,"0,31"
05/09/2024 16:22,HPG,Giảm nhẹ,,"-0,8%",
04/09/2024 17:11,HPG,Giảm nhẹ,,"-0,98%",
30/08/2024 15:52,HPG,Giảm nhẹ,,"-0,39%",
24/08/2024 15:41,HPG,Bất thường,,"1,2%",
23/08/2024 16:04,HPG,Tăng nhẹ,,"+1,2%",
21/08/2024 16:34,HPG,Tăng nhẹ,,"+1,4%",
15/08/2024 17:17,HPG,Giảm nhẹ,,"-0,98%","0,39"
13/08/2024 16:36,HPG,Giảm mạnh,,"-1,74%",
09/08/2024 16:15,HPG,Tăng nhẹ,,"+1,8%",
07/11/2024 16:50,HPX,Tăng nhẹ,,"+2,9%",
04/09/2024 17:11,HPX,Giảm nhẹ,,"-3,45%",
03/03/2025 08:26,HRC,Bất thường,,"27,83%",
08/01/2025 08:26,HSC,Tăng nhẹ,,"+7,18%",
04/12/2024 18:03,HSC,Giảm nhẹ,,"-6,7%",
04/11/2024 07:31,HSC,Bất thường,,"82,7%",
07/10/2024 14:28,HSC,Tăng nhẹ,,"+6,65%",
19/03/2025 17:34,HSG,Giảm nhẹ,,"-3,3%",
18/02/2025 15:51,HSG,Tăng nhẹ,,"+1,47%",
06/01/2025 17:43,HSG,Giảm nhẹ,,"-2,2%",
03/01/2025 16:06,HSG,Bất thường,,"2,4%",
25/12/2024 16:19,HSG,Tăng nhẹ,,"+1,6%",
13/12/2024 18:48,HSG,Giảm nhẹ,,"-1,9%",
04/12/2024 17:12,HSG,Giảm nhẹ,,"-2,1%",
28/11/2024 16:19,HSG,Tăng nhẹ,,"+2,3%",
19/11/2024 16:07,HSG,Giảm nhẹ,,"-1,1%",
05/11/2024 17:02,HSG,Tăng nhẹ,,"+0,3%",
30/10/2024 15:57,HSG,Giảm nhẹ,,"-1,7%",
14/10/2024 15:45,HSG,Giảm nhẹ,,"-0,5%",
11/10/2024 16:10,HSG,Tăng nhẹ,,"+0,5%",
08/10/2024 19:11,HSG,Tăng nhẹ,,"+1,4%",
30/09/2024 16:19,HSG,Tăng nhẹ,,"+1,7%",
25/09/2024 16:05,HSG,Tăng nhẹ,,"+2,7%",
10/09/2024 16:33,HSG,Giảm nhẹ,,"-1,7%",
09/09/2024 16:07,HSG,Tăng nhẹ,,"+2,26%",
04/09/2024 17:11,HSG,Giảm nhẹ,,"-2,4%",
28/08/2024 17:13,HSG,Tăng nhẹ,,"+0,5%",
23/08/2024 16:04,HSG,Tăng nhẹ,,"+2,2%",
19/08/2024 16:22,HSG,Tăng nhẹ,,"+1,5%",
15/08/2024 17:17,HSG,Giảm nhẹ,,"-3,7%",
13/08/2024 16:36,HSG,Giảm nhẹ,,"-1,7%",
09/08/2024 16:15,HSG,Tăng nhẹ,,"+1,2%",
26/03/2025 11:14,HSX,Bất thường,,"4,89%",
19/03/2025 22:40,HSX,Bất thường,,"1,85%",
30/12/2024 16:30,HTN,Tăng nhẹ,,"+6,4%",
03/04/2025 09:53,HVA,Tăng nhẹ,,"+155,22%",
22/01/2025 16:06,HVN,Tăng nhẹ,,"+2,47%",
25/12/2024 16:19,HVN,Giảm nhẹ,,"-3,86%",
23/12/2024 15:47,HVN,Tăng nhẹ,,"+3,92%",
16/12/2024 16:15,HVN,Tăng nhẹ,,"+3,21%",
05/12/2024 16:10,HVN,Giảm nhẹ,,"-3,15%",
29/11/2024 17:56,HVN,Tăng nhẹ,,"+1,8%",
26/11/2024 16:03,HVN,Tăng nhẹ,,"+2,67%",
14/11/2024 16:35,HVN,Tăng nhẹ,,"+0,96%",
05/11/2024 17:02,HVN,Bất thường,,"5,56%",
28/10/2024 17:09,HVN,Tăng nhẹ,,"+1,48%",
04/10/2024 15:53,HVN,Giảm nhẹ,,"-0,7%",
02/10/2024 16:12,HVN,Bất thường,,"1,2%",
26/09/2024 16:11,HVN,Giảm nhẹ,,"-2,07%",
30/08/2024 15:52,HVN,Tăng nhẹ,,"+3,3%",
21/08/2024 16:34,HVN,Giảm nhẹ,,"-0,68%",
19/08/2024 16:22,HVN,Giảm nhẹ,,"-1,4%",
14/08/2024 16:13,HVN,Giảm nhẹ,,"-0,96%",
16/09/2024 12:39,HVS,Bất thường,,"90,81%",
17/01/2025 16:25,ICT,Tăng nhẹ,,"+5,8%",
19/02/2025 18:19,IDC,Tăng nhẹ,,"+3,7%",
16/01/2025 07:33,IDC,Bất thường,,"44,4%",
03/12/2024 11:48,IDC,Bất thường,,"11,2%",
09/01/2025 11:46,III,Bất thường,,"20,6%",
08/01/2025 08:26,III,Giảm nhẹ,,"-17,63%",
11/11/2024 15:57,III,Bất thường,,"17,0%",
09/11/2024 09:48,III,Bất thường,,"6,65%",
04/11/2024 07:29,III,Tăng nhẹ,,"+8,7%",
22/10/2024 10:47,III,Tăng nhẹ,,"+16,6%",
07/10/2024 14:28,III,Tăng nhẹ,,"+5,32%",
04/10/2024 13:30,III,Bất thường,,"5,3%",
08/08/2024 16:56,IIP,Bất thường,,"11,2%",
26/09/2024 16:11,IJC,Tăng nhẹ,,"+1,1%",
19/09/2024 08:09,IJC,Bất thường,,"49,76%",
08/02/2025 12:53,IMF,Tăng nhẹ,,"+3,2%",
11/02/2025 10:29,IMP,Tăng nhẹ,,"+67,54%",
25/09/2024 16:05,IMP,Giảm nhẹ,,"-2,9%",
08/09/2024 16:21,IMP,Bất thường,,"10,48%",
04/09/2024 13:54,IMP,Tăng nhẹ,,"+6,83%",
22/08/2024 16:05,ITA,Bất thường,,"12,46%",
02/11/2024 11:58,JPY,Bất thường,,"13,6%",
19/02/2025 18:19,KBC,Tăng nhẹ,,"+3,3%",
16/12/2024 16:15,KBC,Tăng nhẹ,,"+1,8%",
02/12/2024 15:57,KBC,Tăng nhẹ,,"+0,7%",
26/11/2024 16:03,KBC,Tăng nhẹ,,"+1,8%",
15/11/2024 18:25,KBC,Tăng nhẹ,,"+2,44%",
07/11/2024 16:50,KBC,Giảm nhẹ,,"-0,2%",
21/02/2025 17:39,KDH,Bất thường,,"1,6%",
19/12/2024 16:53,KDH,Tăng nhẹ,,"+1,7%",
25/10/2024 17:15,KDH,Giảm nhẹ,,"-1,5%",
26/09/2024 16:11,KHG,Tăng nhẹ,,"+1,3%",
10/03/2025 16:59,KSB,Tăng nhẹ,,"+3,3%",
04/02/2025 16:15,KSB,Tăng nhẹ,,"+4,7%",
17/01/2025 16:25,KSB,Tăng nhẹ,,"+1,6%",
31/12/2024 18:25,KSB,Giảm nhẹ,,"-2,4%",
17/02/2025 15:54,KSV,Tăng nhẹ,,"+6,2%",
11/02/2025 10:29,KWE,Tăng nhẹ,,"+6,99%",
24/12/2024 16:29,LAS,Tăng nhẹ,,"+2,25%",
17/12/2024 16:16,LAS,Tăng nhẹ,,"+0,95%",
13/11/2024 15:34,LAS,Bất thường,,"2,7%",
11/11/2024 16:24,LAS,Tăng nhẹ,,"+3,8%",
30/10/2024 15:57,LBP,Tăng nhẹ,,"+0,77%",
10/03/2025 16:59,LCG,Tăng nhẹ,,"+1,9%",
17/01/2025 16:25,LCG,Tăng nhẹ,,"+1,44%",
02/10/2024 16:12,LDG,Giảm nhẹ,,"-4,6%",
14/11/2024 16:35,LGC,Tăng nhẹ,,"+3,33%",
06/11/2024 17:13,LHG,Tăng nhẹ,,"+5,2%",
30/09/2024 21:33,LLC,Bất thường,,"20,38%",
24/03/2025 16:33,LPB,Giảm nhẹ,,"-1,87%",
10/03/2025 16:59,LPB,Giảm nhẹ,,"-1,7%",
20/02/2025 16:27,LPB,Giảm nhẹ,,"-1,1%",
18/02/2025 15:51,LPB,Giảm nhẹ,,"-1,7%",
11/02/2025 17:42,LPB,Tăng nhẹ,,"+1,2%",
06/02/2025 16:25,LPB,Tăng mạnh,"+0,43","+1,67%","0,43"
24/01/2025 17:11,LPB,Bất thường,"0,39",,"0,39"
22/01/2025 16:06,LPB,Tăng nhẹ,,"+4,87%",
06/01/2025 07:26,LPB,Bất thường,,"131,8%",
12/12/2024 16:00,LPB,Giảm nhẹ,,"-1,5%",
03/12/2024 18:08,LPB,Tăng nhẹ,,"+2,11%",
02/12/2024 15:57,LPB,Tăng nhẹ,,"+3,1%",
25/10/2024 17:15,LPB,Tăng nhẹ,,"+0,94%",
18/10/2024 15:57,LPB,Tăng nhẹ,,"+0,78%",
16/10/2024 15:44,LPB,Giảm nhẹ,,"-1,4%",
14/10/2024 15:45,LPB,Giảm nhẹ,,"-1,22%",
11/10/2024 16:10,LPB,Giảm nhẹ,,"-1,35%",
07/10/2024 15:56,LPB,Tăng nhẹ,,"+0,79%",
10/09/2024 16:33,LPB,Tăng nhẹ,,"+0,49%",
19/08/2024 16:22,LPB,Tăng nhẹ,,"+2,11%",
16/08/2024 15:54,LPB,Tăng nhẹ,,"+4,93%",
15/08/2024 17:17,LPB,Tăng nhẹ,"+0,37","+2,08%","0,37"
26/09/2024 14:01,LSS,Tăng nhẹ,,"+6,11%",
19/08/2024 15:34,LTD,Giảm nhẹ,,"-11,65%",
01/04/2025 16:53,MBB,Tăng nhẹ,,"+2,1%",
07/03/2025 16:44,MBB,Tăng nhẹ,,"+1,66%",
20/01/2025 16:11,MBB,Tăng nhẹ,"+0,51","+1,63%","0,51"
26/12/2024 17:40,MBB,Tăng nhẹ,,"+1,84%","0,55"
25/12/2024 16:19,MBB,Tăng nhẹ,,"+2,3%",
16/12/2024 16:15,MBB,Giảm nhẹ,,"-0,62%",
26/11/2024 16:03,MBB,Tăng nhẹ,,"+0,63%",
21/11/2024 16:00,MBB,Tăng nhẹ,,"+1,91%",
14/11/2024 16:35,MBB,Giảm nhẹ,,"-1,45%",
28/10/2024 17:09,MBB,Tăng nhẹ,,"+0,61%",
18/10/2024 15:57,MBB,Giảm nhẹ,,"-0,58%",
16/10/2024 15:44,MBB,Giảm nhẹ,,"-0,58%",
07/10/2024 15:56,MBB,Tăng nhẹ,,"+0,4%",
04/10/2024 15:53,MBB,Giảm nhẹ,,"-1,57%",
24/09/2024 16:12,MBB,Tăng nhẹ,,"+1,81%",
12/09/2024 16:31,MBB,Tăng nhẹ,,"+0,42%",
05/09/2024 16:22,MBB,Giảm nhẹ,,"-1,84%",
29/08/2024 21:51,MBB,Tăng nhẹ,,"+0,81%",
28/08/2024 17:13,MBB,Tăng nhẹ,,"+1,02%",
21/08/2024 16:34,MBB,Tăng nhẹ,,"+2,06%",
16/08/2024 15:54,MBB,Tăng nhẹ,,"+3,44%",
14/08/2024 16:13,MBB,Giảm nhẹ,,"-0,85%",
12/08/2024 17:39,MBB,Tăng nhẹ,,"+1,07%",
09/08/2024 16:15,MBB,Tăng nhẹ,,"+1,74%",
26/03/2025 11:14,MBS,Bất thường,,"6,5%",
05/03/2025 17:50,MBS,Giảm nhẹ,,"-1,97%",
04/02/2025 16:15,MBS,Tăng nhẹ,,"+2,2%",
08/01/2025 08:26,MBS,Tăng mạnh,,"+5,16%",
18/11/2024 16:29,MBS,Tăng nhẹ,,"+3,8%",
06/11/2024 17:13,MBS,Tăng nhẹ,,"+3,9%",
04/11/2024 18:05,MBS,Tăng nhẹ,,"+2,2%",
24/10/2024 17:49,MBS,Bất thường,,"2,4%",
17/10/2024 15:54,MBS,Tăng nhẹ,,"+1,4%",
15/10/2024 17:49,MBS,Giảm nhẹ,,"-2,34%",
08/10/2024 19:11,MBS,Giảm nhẹ,,"-5,36%",
27/09/2024 18:12,MBS,Tăng nhẹ,,"+1,6%",
25/09/2024 16:05,MBS,Tăng nhẹ,,"+5,76%",
18/09/2024 18:47,MBS,Tăng nhẹ,,"+2,55%",
16/09/2024 19:07,MBS,Giảm nhẹ,,"-2,6%",
13/09/2024 16:09,MBS,Tăng nhẹ,,"+1,9%",
09/09/2024 16:07,MBS,Giảm nhẹ,,"-1,48%",
06/09/2024 17:00,MBS,Giảm nhẹ,,"-1,45%",
20/08/2024 17:53,MBS,Tăng nhẹ,,"+1,8%",
16/03/2025 09:00,MCH,Bất thường,,"70,4%",
27/12/2024 08:50,MCH,Bất thường,,"45,1%",
11/12/2024 10:50,MCH,Bất thường,,"92,65%",
03/12/2024 11:48,MCH,Bất thường,,"18,21%",
25/09/2024 16:05,MCH,Giảm nhẹ,,"-0,89%",
23/09/2024 07:14,MCH,Bất thường,,"92,65%",
11/02/2025 17:42,MGC,Giảm nhẹ,,"-9,1%",
03/12/2024 18:08,MIG,Tăng nhẹ,,"+3,8%",
09/09/2024 16:07,MIG,Giảm nhẹ,,"-3,9%",
04/04/2025 09:01,MSB,Giảm nhẹ,,"-31,68%",
18/10/2024 15:57,MSB,Giảm nhẹ,,"-1,14%",
07/10/2024 15:56,MSB,Tăng nhẹ,,"+2,77%",
30/09/2024 16:19,MSB,Tăng nhẹ,,"+3,6%",
26/09/2024 16:11,MSB,Tăng nhẹ,,"+5,44%",
28/08/2024 17:13,MSB,Tăng nhẹ,,"+3,51%",
06/01/2025 17:43,MSH,Giảm nhẹ,,"-4,2%",
12/12/2024 16:00,MSH,Tăng nhẹ,,"+4,8%",
04/09/2024 17:11,MSH,Giảm nhẹ,,"-2,44%",
06/01/2025 17:43,MSN,Giảm nhẹ,,"-3,6%",
13/12/2024 18:48,MSN,Bất thường,,"1,39%",
28/11/2024 16:19,MSN,Bất thường,,"0,41%",
25/11/2024 15:57,MSN,Tăng nhẹ,,"+1,7%",
28/10/2024 17:09,MSN,Tăng nhẹ,,"+0,91%",
22/10/2024 15:37,MSN,Giảm nhẹ,,"-1,8%",
10/10/2024 16:45,MSN,Tăng nhẹ,,"+3,9%",
09/10/2024 15:52,MSN,Tăng nhẹ,,"+2,39%",
07/10/2024 15:56,MSN,Giảm nhẹ,,"-1,06%",
06/09/2024 17:00,MSN,Tăng nhẹ,"+0,69","+2,56%","0,69"
30/08/2024 15:52,MSN,Giảm nhẹ,,"-0,52%",
26/08/2024 15:52,MSN,Giảm nhẹ,,"-2,18%",
14/08/2024 16:13,MSN,Tăng nhẹ,,"+2,27%",
09/08/2024 16:15,MSN,Tăng nhẹ,,"+0,94%",
08/08/2024 17:20,MSN,Tăng nhẹ,"+0,55","+2,05%","0,55"
18/02/2025 15:23,MSR,Giảm nhẹ,,"-4,93%",
11/02/2025 17:42,MSR,Giảm nhẹ,,"-6,3%",
10/10/2024 09:06,MTV,Bất thường,,"11,43%",
20/08/2024 14:41,MTV,Bất thường,,"25,6%",
19/03/2025 17:34,MWG,Giảm nhẹ,,"-3,7%",
20/02/2025 16:27,MWG,Tăng nhẹ,,"+1,6%",
17/02/2025 15:54,MWG,Giảm nhẹ,,"-0,5%",
11/02/2025 17:42,MWG,Giảm nhẹ,,"-1,7%",
24/01/2025 17:11,MWG,Tăng nhẹ,,"+1,5%",
24/12/2024 16:29,MWG,Tăng nhẹ,,"+0,5%",
13/12/2024 18:48,MWG,Tăng nhẹ,,"+1,67%",
11/12/2024 15:54,MWG,Giảm nhẹ,,"-1,32%",
21/11/2024 16:00,MWG,Tăng nhẹ,,"+3,35%",
18/11/2024 16:29,MWG,Bất thường,,"1,7%",
13/11/2024 15:34,MWG,Tăng nhẹ,,"+1,8%",
12/11/2024 16:39,MWG,Bất thường,,"3,49%",
01/11/2024 16:08,MWG,Giảm nhẹ,,"-0,75%",
30/10/2024 15:57,MWG,Bất thường,,"0,75%",
22/10/2024 15:37,MWG,Tăng nhẹ,,"+0,76%",
16/10/2024 15:44,MWG,Tăng nhẹ,,"+1,71%",
08/10/2024 19:11,MWG,Giảm mạnh,,"-1,66%","0,39"
10/09/2024 16:33,MWG,Tăng nhẹ,,"+0,44%",
19/03/2025 12:43,NAV,Giảm nhẹ,,"-3,4%",
04/12/2024 15:20,NAV,Giảm nhẹ,,"-4,9%",
17/10/2024 13:49,NAV,Tăng nhẹ,,"+20,1%",
17/09/2024 10:56,NAV,Giảm nhẹ,,"-3,8%",
07/11/2024 16:50,NBB,Tăng nhẹ,,"+2,5%",
29/11/2024 17:56,NCT,Tăng nhẹ,,"+0,6%",
23/10/2024 15:51,NCT,Tăng nhẹ,,"+0,5%",
04/10/2024 15:53,NCT,Giảm nhẹ,,"-3,9%",
03/10/2024 15:14,NED,Bất thường,,"4,94%",
14/09/2024 12:14,NED,Tăng nhẹ,,"+11,54%",
17/03/2025 17:40,NHA,Tăng nhẹ,,"+3,9%",
20/02/2025 16:27,NHA,Giảm nhẹ,,"-1,9%",
08/01/2025 16:08,NHA,Tăng nhẹ,,"+2,8%",
02/10/2024 08:32,NIM,Giảm nhẹ,,"-3,7%",
23/09/2024 09:28,NIM,Bất thường,,"6,5%",
19/03/2025 17:34,NKG,Giảm nhẹ,,"-3,5%",
07/03/2025 09:49,NKG,Bất thường,,"5,03%",
18/02/2025 15:51,NKG,Tăng nhẹ,,"+1,46%",
10/01/2025 16:42,NKG,Giảm nhẹ,,"-1,1%",
09/01/2025 11:10,NKG,Giảm nhẹ,,"-29,8%",
08/01/2025 16:08,NKG,Tăng nhẹ,,"+1,85%",
30/12/2024 16:30,NKG,Tăng nhẹ,,"+0,3%",
18/12/2024 16:12,NKG,Tăng nhẹ,,"+1,1%",
13/12/2024 18:48,NKG,Giảm nhẹ,,"-2,1%",
04/12/2024 17:12,NKG,Giảm nhẹ,,"-2,6%",
19/11/2024 16:07,NKG,Giảm nhẹ,,"-1,3%",
12/11/2024 16:39,NKG,Giảm nhẹ,,"-1,6%",
30/10/2024 15:57,NKG,Giảm nhẹ,,"-0,5%",
21/10/2024 15:50,NKG,Giảm nhẹ,,"-1,9%",
18/10/2024 15:57,NKG,Giảm nhẹ,,"-1,4%",
14/10/2024 15:45,NKG,Giảm nhẹ,,"-0,2%",
08/10/2024 19:11,NKG,Tăng nhẹ,,"+1,4%",
30/09/2024 16:19,NKG,Tăng nhẹ,,"+1,14%",
25/09/2024 16:05,NKG,Tăng nhẹ,,"+2,8%",
17/09/2024 15:48,NKG,Tăng nhẹ,,"+2,4%",
10/09/2024 16:33,NKG,Giảm nhẹ,,"-1,6%",
09/09/2024 16:07,NKG,Tăng nhẹ,,"+2,6%",
04/09/2024 17:11,NKG,Giảm nhẹ,,"-2,06%",
30/08/2024 15:52,NKG,Giảm nhẹ,,"-1,4%",
28/08/2024 17:13,NKG,Tăng nhẹ,,"+1,4%",
21/08/2024 16:34,NKG,Tăng nhẹ,,"+1,6%",
19/08/2024 16:22,NKG,Tăng nhẹ,,"+2,4%",
15/08/2024 17:17,NKG,Giảm nhẹ,,"-2,7%",
13/08/2024 16:36,NKG,Giảm nhẹ,,"-1,9%",
09/08/2024 16:15,NKG,Tăng nhẹ,,"+2,2%",
17/03/2025 17:40,NLG,Tăng nhẹ,,"+5,5%",
07/03/2025 16:44,NLG,Tăng nhẹ,,"+1,7%",
05/03/2025 17:50,NLG,Giảm nhẹ,,"-3,5%",
06/02/2025 16:25,NLG,Giảm nhẹ,,"-1,3%",
19/12/2024 16:53,NLG,Giảm nhẹ,,"-2,4%",
27/11/2024 18:37,NLG,Giảm nhẹ,,"-1,56%",
06/11/2024 17:13,NLG,Tăng nhẹ,,"+1,14%",
04/11/2024 18:05,NLG,Giảm nhẹ,,"-2,95%",
01/11/2024 16:08,NLG,Tăng mạnh,,"+2,13%",
20/09/2024 16:43,NLG,Giảm nhẹ,,"-1,3%",
13/09/2024 16:09,NLG,Tăng nhẹ,,"+2,2%",
04/09/2024 17:11,NLG,Tăng nhẹ,,"+2,44%",
15/08/2024 17:17,NLG,Giảm nhẹ,,"-2,1%",
21/11/2024 11:20,NPK,Tăng nhẹ,,"+6,1%",
05/03/2025 17:50,NTL,Giảm nhẹ,,"-3,3%",
19/02/2025 18:19,NTL,Tăng nhẹ,,"+4,3%",
19/12/2024 16:53,NTL,Giảm nhẹ,,"-1,8%",
27/11/2024 18:37,NTL,Giảm nhẹ,,"-0,8%",
22/11/2024 16:26,NTL,Giảm nhẹ,,"-2,15%",
18/11/2024 16:29,NTL,Tăng nhẹ,,"+4,4%",
06/11/2024 17:13,NTL,Tăng nhẹ,,"+0,51%",
03/10/2024 15:51,NTL,Giảm nhẹ,,"-4,4%",
20/09/2024 16:43,NTL,Giảm nhẹ,,"-1,4%",
04/09/2024 17:11,NTL,Giảm nhẹ,,"-4,89%",
29/08/2024 21:51,NTL,Giảm nhẹ,,"-2,56%",
15/08/2024 17:17,NTL,Giảm nhẹ,,"-2,8%",
12/08/2024 18:02,NTL,Bất thường,,"4,84%",
08/08/2024 17:20,NTL,Giảm nhẹ,,"-4,86%",
12/12/2024 16:00,NTP,Tăng nhẹ,,"+3,6%",
26/09/2024 16:16,NTP,Bất thường,,"34,2%",
13/02/2025 17:31,NVL,Bất thường,,"1,5%",
22/01/2025 16:06,NVL,Giảm nhẹ,,"-3,98%",
13/01/2025 16:04,NVL,Bất thường,,"4,33%",
03/01/2025 16:06,NVL,Tăng nhẹ,,"+1,44%",
23/12/2024 15:47,NVL,Tăng nhẹ,,"+3,96%",
22/11/2024 16:26,NVL,Giảm nhẹ,,"-2,22%",
20/11/2024 16:13,NVL,Tăng nhẹ,,"+4,65%",
19/11/2024 16:07,NVL,Tăng nhẹ,,"+1,9%",
18/11/2024 16:29,NVL,Tăng nhẹ,,"+1,44%",
13/11/2024 15:34,NVL,Tăng nhẹ,,"+2,37%",
07/11/2024 16:50,NVL,Tăng nhẹ,,"+3,8%",
06/11/2024 17:13,NVL,Tăng nhẹ,,"+0,97%",
13/09/2024 16:09,NVL,Tăng nhẹ,,"+1,3%",
12/09/2024 16:31,NVL,Giảm nhẹ,,"-3,8%",
09/09/2024 16:07,NVL,Tăng nhẹ,,"+1,5%",
29/08/2024 21:51,NVL,Giảm nhẹ,,"-2,26%",
21/08/2024 16:34,NVL,Giảm nhẹ,,"-0,79%",
20/08/2024 08:50,NWL,Bất thường,,"4,46%",
31/01/2025 08:15,OCB,Bất thường,,"4,4%",
13/12/2024 18:48,OCB,Giảm nhẹ,,"-3,11%",
05/11/2024 17:02,OCB,Giảm nhẹ,,"-1,38%",
11/10/2024 16:10,OCB,Giảm nhẹ,,"-1,21%",
07/10/2024 15:56,OCB,Giảm nhẹ,,"-1,95%",
06/10/2024 15:11,OCB,Bất thường,,"6,22%",
07/02/2025 15:28,OIL,Bất thường,,"11,36%",
19/12/2024 16:53,OIL,Tăng nhẹ,,"+2,5%",
08/09/2024 16:21,OIL,Bất thường,,"8,5%",
27/03/2025 17:59,PAN,Bất thường,,"80,1%",
28/10/2024 08:11,PAT,Bất thường,,"7,69%",
22/12/2024 17:17,PCE,Tăng nhẹ,,"+0,1%",
29/09/2024 17:02,PCE,Bất thường,,"2,3%",
19/11/2024 16:07,PDN,Tăng nhẹ,,"+6,66%",
24/03/2025 16:33,PDR,Giảm nhẹ,,"-1,5%",
07/03/2025 16:44,PDR,Tăng nhẹ,,"+1,5%",
05/03/2025 17:50,PDR,Giảm nhẹ,,"-2,7%",
21/02/2025 17:39,PDR,Bất thường,,"1,3%",
08/01/2025 16:08,PDR,Tăng nhẹ,,"+2,4%",
19/12/2024 16:53,PDR,Giảm nhẹ,,"-2,55%",
18/11/2024 16:29,PDR,Tăng nhẹ,,"+1,5%",
08/11/2024 17:38,PDR,Giảm nhẹ,,"-1,61%",
02/10/2024 16:12,PDR,Giảm nhẹ,,"-5,6%",
20/09/2024 16:43,PDR,Giảm nhẹ,,"-0,9%",
16/09/2024 19:07,PDR,Giảm mạnh,,"-3,7%",
11/09/2024 17:30,PDR,Tăng nhẹ,,"+1,2%",
29/08/2024 21:51,PDR,Giảm nhẹ,,"-2,05%",
24/10/2024 17:49,PET,Bất thường,,"4,6%",
08/10/2024 19:11,PET,Tăng nhẹ,,"+0,8%",
20/12/2024 15:36,PHC,Tăng nhẹ,,"+1,3%",
06/02/2025 16:25,PHP,Tăng nhẹ,,"+4,8%",
11/11/2024 16:24,PHP,Tăng nhẹ,,"+6,7%",
12/04/2025 08:57,PHR,Tăng nhẹ,,"+32,6%",
20/02/2025 16:27,PHR,Tăng nhẹ,,"+6,4%",
04/02/2025 16:15,PLC,Tăng nhẹ,,"+3,6%",
17/01/2025 16:25,PLC,Tăng nhẹ,,"+1,2%",
13/01/2025 16:04,PLC,Tăng nhẹ,,"+4,2%",
31/12/2024 18:25,PLC,Giảm nhẹ,,"-1,3%",
11/04/2025 17:11,PLX,Tăng nhẹ,,"+6,8%",
07/03/2025 16:44,PLX,Giảm nhẹ,,"-1,8%",
23/12/2024 15:47,PLX,Giảm nhẹ,,"-0,64%",
02/12/2024 15:57,PLX,Bất thường,,"0,62%",
25/11/2024 15:57,PLX,Tăng nhẹ,,"+0,6%",
21/11/2024 16:00,PLX,Tăng nhẹ,,"+1,2%",
19/11/2024 16:07,PLX,Tăng nhẹ,,"+1,59%",
30/10/2024 15:57,PLX,Bất thường,,"1,19%",
28/10/2024 17:09,PLX,Tăng nhẹ,,"+1,08%",
21/10/2024 15:50,PLX,Giảm nhẹ,,"-1,8%",
04/10/2024 15:53,PLX,Tăng nhẹ,,"+1,58%",
12/09/2024 16:31,PLX,Giảm nhẹ,,"-0,87%",
08/09/2024 16:21,PLX,Bất thường,,"3,4%",
04/09/2024 17:11,PLX,Giảm nhẹ,,"-3,3%",
21/08/2024 16:34,PLX,Giảm nhẹ,,"-1,31%",
12/08/2024 17:39,PLX,Tăng nhẹ,,"+1,8%",
25/09/2024 14:59,PNC,Bất thường,,"23,19%",
28/03/2025 16:53,PNJ,Giảm mạnh,,"-3,4%",
24/01/2025 09:44,PNJ,Tăng nhẹ,,"+14,4%",
08/10/2024 19:11,PNJ,Giảm nhẹ,,"-0,63%",
27/08/2024 19:24,PNJ,Tăng nhẹ,,"+0,39%",
27/08/2024 11:26,PNJ,Bất thường,,"66,3%",
30/12/2024 16:30,POW,Tăng nhẹ,,"+1,3%",
23/12/2024 15:47,POW,Giảm nhẹ,,"-0,82%",
14/11/2024 16:35,POW,Giảm nhẹ,,"-1,7%",
25/10/2024 17:15,POW,Giảm nhẹ,,"-1,7%",
04/10/2024 15:53,POW,Tăng nhẹ,,"+1,17%",
24/09/2024 16:12,POW,Tăng nhẹ,,"+0,8%",
19/09/2024 15:50,POW,Bất thường,,"1,57%",
26/08/2024 15:52,POW,Giảm nhẹ,,"-1,1%",
21/08/2024 16:34,POW,Tăng nhẹ,,"+1,9%",
22/08/2024 15:07,PPC,Giảm nhẹ,,"-20,11%",
18/12/2024 16:12,PSH,Tăng nhẹ,,"+2,2%",
29/11/2024 17:56,PSH,Tăng nhẹ,,"+0,3%",
25/10/2024 17:15,PSH,Giảm nhẹ,,"-4,4%",
21/10/2024 15:50,PSH,Giảm nhẹ,,"-4,4%",
05/09/2024 16:22,PSH,Tăng nhẹ,,"+0,2%",
20/09/2024 16:43,PVB,Tăng nhẹ,,"+5,7%",
12/11/2024 16:39,PVC,Giảm nhẹ,,"-1,7%",
25/11/2024 15:57,PVD,Tăng nhẹ,,"+1,5%",
21/11/2024 16:00,PVD,Tăng nhẹ,,"+1,7%",
14/11/2024 16:35,PVD,Giảm nhẹ,,"-2,5%",
12/11/2024 16:39,PVD,Giảm nhẹ,,"-4,5%",
21/10/2024 15:50,PVD,Giảm nhẹ,,"-1,7%",
04/10/2024 15:53,PVD,Tăng nhẹ,,"+1,65%",
02/10/2024 16:12,PVD,Tăng nhẹ,,"+0,5%",
24/09/2024 16:12,PVD,Tăng nhẹ,,"+2,6%",
08/09/2024 16:21,PVD,Bất thường,,"3,1%",
06/09/2024 17:00,PVD,Tăng nhẹ,,"+1,33%",
21/08/2024 16:34,PVD,Tăng nhẹ,,"+1,3%",
12/08/2024 17:39,PVD,Tăng nhẹ,,"+0,9%",
19/08/2024 11:49,PVN,Bất thường,,"92,13%",
19/12/2024 16:53,PVS,Tăng nhẹ,,"+1,8%",
03/12/2024 11:48,PVS,Bất thường,,"25,2%",
25/11/2024 15:57,PVS,Tăng mạnh,,"+2,7%",
06/09/2024 17:00,PVS,Tăng nhẹ,,"+1,25%",
24/12/2024 16:29,PVT,Tăng nhẹ,,"+3,26%",
29/11/2024 17:56,PVT,Tăng nhẹ,,"+0,7%",
14/11/2024 16:35,PVT,Giảm nhẹ,,"-0,7%",
31/10/2024 16:50,PVT,Tăng nhẹ,,"+2,2%",
21/10/2024 15:50,PVT,Giảm nhẹ,,"-1,6%",
02/10/2024 16:12,PVT,Tăng nhẹ,,"+0,7%",
24/09/2024 16:12,PVT,Tăng nhẹ,,"+1,1%",
12/09/2024 16:31,PVT,Tăng nhẹ,,"+0,7%",
21/08/2024 16:34,PVT,Tăng nhẹ,,"+1,4%",
12/08/2024 17:39,PVT,Tăng nhẹ,,"+0,7%",
09/02/2025 09:03,PYN,Tăng nhẹ,,"+0,1%",
24/12/2024 09:34,PYN,Bất thường,,"4,2%",
08/11/2024 11:21,PYN,Giảm nhẹ,,"-1,7%",
18/02/2025 15:51,QCG,Tăng nhẹ,,"+2,45%",
25/10/2024 17:15,QCG,Giảm nhẹ,,"-0,9%",
02/04/2025 09:41,QST,Tăng nhẹ,,"+65,75%",
07/02/2025 16:22,RAL,Bất thường,,"71,3%",
18/03/2025 15:01,REE,Bất thường,,"44,99%",
28/11/2024 08:00,REE,Bất thường,,"52,92%",
25/11/2024 15:57,REE,Tăng nhẹ,,"+3,4%",
24/11/2024 09:48,REE,Bất thường,,"35,7%",
09/10/2024 11:26,REE,Bất thường,,"24,14%",
22/08/2024 15:07,REE,Giảm nhẹ,,"-20,74%",
14/08/2024 14:10,REE,Bất thường,,"35,7%",
13/08/2024 16:36,REE,Giảm nhẹ,,"-1,6%",
30/10/2024 14:38,ROA,Bất thường,,"1,05%",
26/03/2025 11:14,ROE,Bất thường,,"14,3%",
23/03/2025 12:07,ROE,Bất thường,,"8,8%",
06/03/2025 08:37,ROE,Bất thường,,"0,066%",
30/10/2024 14:38,ROE,Bất thường,,"4,41%",
17/10/2024 13:49,ROE,Bất thường,,"14,8%",
17/01/2025 16:25,SAB,Giảm nhẹ,,"-1,11%","0,19"
30/12/2024 16:30,SAB,Tăng nhẹ,,"+0,5%",
28/11/2024 16:19,SAB,Bất thường,,"1,07%",
21/11/2024 16:00,SAB,Bất thường,,"0,36%",
12/11/2024 16:39,SAB,Tăng nhẹ,,"+2,35%",
04/11/2024 18:05,SAB,Tăng nhẹ,,"+0,36%",
16/10/2024 15:44,SAB,Tăng nhẹ,,"+1,23%",
19/08/2024 16:22,SAB,Tăng nhẹ,,"+2,66%",
14/08/2024 16:13,SAB,Tăng nhẹ,,"+2,58%",
09/08/2024 16:15,SAB,Tăng nhẹ,,"+1,52%",
30/08/2024 15:52,SAS,Tăng nhẹ,,"+1,3%",
17/08/2024 09:19,SAS,Bất thường,,"2,03%",
04/11/2024 20:00,SBB,Bất thường,,"6,3%",
28/10/2024 08:34,SBB,Giảm nhẹ,,"-28,7%",
12/09/2024 16:31,SBB,Giảm nhẹ,,"-5,94%",
09/08/2024 17:59,SBT,Giảm nhẹ,,"-19,02%",
05/12/2024 08:37,SCB,Bất thường,,"1,71%",
29/11/2024 17:56,SCS,Tăng nhẹ,,"+0,6%",
31/10/2024 16:50,SCS,Tăng nhẹ,,"+1,2%",
23/10/2024 15:51,SCS,Tăng nhẹ,,"+0,6%",
04/10/2024 15:53,SCS,Giảm nhẹ,,"-0,5%",
02/10/2024 16:12,SCS,Bất thường,,"1,1%",
24/09/2024 16:12,SCS,Giảm nhẹ,,"-0,2%",
02/11/2024 11:58,SEK,Bất thường,,"4,2%",
29/11/2024 17:56,SGN,Tăng nhẹ,,"+1,9%",
23/10/2024 15:51,SGN,Tăng nhẹ,,"+1,4%",
04/10/2024 15:53,SGN,Giảm nhẹ,,"-0,6%",
30/08/2024 15:52,SGN,Giảm nhẹ,,"-0,9%",
12/08/2024 17:39,SGN,Tăng nhẹ,,"+0,8%",
29/08/2024 08:15,SGR,Tăng nhẹ,,"+74,6%",
24/03/2025 16:33,SHB,Tăng nhẹ,,"+5,53%",
21/03/2025 09:13,SHB,Bất thường,,"98,8%",
17/02/2025 15:54,SHB,Tăng nhẹ,,"+1,9%",
11/02/2025 17:42,SHB,Tăng nhẹ,,"+1,9%",
11/12/2024 15:54,SHB,Tăng nhẹ,,"+2,42%",
05/11/2024 17:02,SHB,Tăng nhẹ,,"+0,96%",
05/11/2024 11:25,SHB,Bất thường,,"22,8%",
25/10/2024 17:15,SHB,Giảm nhẹ,,"-1,42%",
29/09/2024 17:02,SHB,Bất thường,,"5,26%",
27/09/2024 18:12,SHB,Tăng nhẹ,,"+4,7%",
04/04/2025 09:28,SHS,Giảm nhẹ,,"-3,7%",
26/03/2025 16:13,SHS,Giảm nhẹ,,"-1,67%",
21/02/2025 17:39,SHS,Bất thường,,"1,4%",
17/02/2025 15:54,SHS,Tăng nhẹ,,"+2,2%",
08/02/2025 16:35,SHS,Tăng nhẹ,,"+3,97%",
22/11/2024 16:26,SHS,Giảm nhẹ,,"-1,52%",
01/10/2024 16:55,SHS,Tăng nhẹ,,"+3,9%",
09/09/2024 16:07,SHS,Giảm nhẹ,,"-2,56%",
06/09/2024 17:00,SHS,Giảm nhẹ,,"-2,5%",
25/12/2024 16:19,SIP,Tăng nhẹ,,"+1,1%",
20/12/2024 15:36,SIP,Tăng nhẹ,,"+1,7%",
16/12/2024 16:15,SIP,Tăng nhẹ,,"+2,8%",
02/12/2024 15:57,SIP,Bất thường,,"4,6%",
26/11/2024 16:03,SIP,Tăng nhẹ,,"+0,9%",
23/11/2024 13:57,SKH,Bất thường,,"80,9%",
20/01/2025 16:11,SMC,Giảm nhẹ,,"-1,83%",
17/10/2024 11:54,SMC,Giảm nhẹ,,"-32,6%",
02/04/2025 09:41,SMT,Tăng nhẹ,,"+46,55%",
08/04/2025 17:09,SSB,Giảm nhẹ,,"-1,04%",
17/02/2025 15:54,SSB,Tăng nhẹ,,"+1,8%",
10/01/2025 16:42,SSB,Tăng nhẹ,"+0,24",,"0,24"
18/12/2024 16:12,SSB,Giảm nhẹ,,"-0,29%",
07/10/2024 15:56,SSB,Giảm nhẹ,,"-2,29%",
06/10/2024 15:11,SSB,Bất thường,,"2,94%",
26/09/2024 16:11,SSB,Tăng nhẹ,,"+2,1%",
24/09/2024 16:12,SSB,Tăng nhẹ,,"+3,45%",
11/09/2024 17:30,SSB,Giảm mạnh,,"-5,9%","0,69"
10/09/2024 16:33,SSB,Giảm nhẹ,,"-6,08%",
06/09/2024 17:00,SSB,Giảm mạnh,,"-2,7%","0,35"
11/04/2025 17:11,SSI,Tăng nhẹ,,"+6,6%",
24/03/2025 16:33,SSI,Tăng nhẹ,,"+2,1%",
13/01/2025 16:04,SSI,Tăng nhẹ,,"+1,9%",
08/01/2025 08:26,SSI,Bất thường,,"9,18%",
04/12/2024 15:20,SSI,Bất thường,,"0,2%",
27/11/2024 18:37,SSI,Giảm nhẹ,,"-1,22%",
17/10/2024 15:54,SSI,Tăng nhẹ,,"+1,3%",
15/10/2024 17:49,SSI,Giảm nhẹ,,"-1,45%",
07/10/2024 14:28,SSI,Giảm nhẹ,,"-8,84%",
04/10/2024 09:19,SSI,Bất thường,,"7,06%",
01/10/2024 16:55,SSI,Giảm nhẹ,,"-0,4%",
25/09/2024 16:05,SSI,Tăng nhẹ,,"+3,2%",
17/09/2024 10:56,SSI,Bất thường,,"2,66%",
09/09/2024 16:07,SSI,Giảm nhẹ,,"-1,5%",
05/09/2024 10:57,SSI,Bất thường,,"15,33%",
29/08/2024 21:51,SSI,Giảm nhẹ,,"-0,29%",
27/08/2024 19:24,SSI,Giảm nhẹ,,"-1,62%",
19/08/2024 16:22,SSI,Bất thường,,"0,92%",
09/08/2024 17:59,SSI,Bất thường,,"3,12%",
09/02/2025 09:03,STB,Bất thường,,"20,1%",
31/12/2024 18:25,STB,Giảm nhẹ,,"-2,5%",
30/12/2024 16:30,STB,Tăng nhẹ,,"+1,2%",
25/12/2024 16:19,STB,Tăng nhẹ,,"+4,47%",
24/12/2024 16:29,STB,Tăng nhẹ,,"+0,6%",
23/12/2024 15:47,STB,Tăng nhẹ,,"+1,92%",
10/12/2024 16:27,STB,Giảm nhẹ,,"-1,47%",
05/12/2024 16:10,STB,Tăng nhẹ,,"+4,78%",
25/11/2024 15:57,STB,Tăng nhẹ,,"+0,61%",
08/11/2024 11:21,STB,Giảm nhẹ,,"-5,5%",
30/10/2024 15:57,STB,Tăng nhẹ,,"+2,2%",
24/10/2024 17:49,STB,Bất thường,,"6,7%",
18/10/2024 15:57,STB,Tăng nhẹ,,"+2,75%",
10/10/2024 16:45,STB,Giảm mạnh,,"1,6%",
07/10/2024 15:56,STB,Tăng nhẹ,,"+2,11%",
29/09/2024 17:02,STB,Bất thường,,"8,91%",
27/09/2024 18:12,STB,Tăng nhẹ,,"+2,6%",
24/09/2024 16:12,STB,Tăng nhẹ,,"+3,41%",
10/01/2025 16:42,STK,Giảm nhẹ,,"-2,7%",
06/11/2024 17:13,STK,Giảm nhẹ,,"-0,4%",
04/09/2024 17:11,STK,Giảm nhẹ,,"-2,1%",
19/02/2025 18:19,SZC,Tăng nhẹ,,"+3,5%",
15/11/2024 18:25,SZC,Tăng nhẹ,,"+2,3%",
23/08/2024 10:51,TBS,Giảm nhẹ,,"-5,61%",
20/02/2025 16:27,TCB,Tăng nhẹ,,"+1,72%",
04/02/2025 16:15,TCB,Tăng nhẹ,,"+1,65%",
13/01/2025 16:04,TCB,Tăng nhẹ,,"+1,7%",
10/01/2025 16:42,TCB,Giảm nhẹ,,"-2,3%",
08/01/2025 16:08,TCB,Tăng nhẹ,,"+1,3%","0,51"
06/01/2025 07:26,TCB,Bất thường,,"59,9%",
03/01/2025 16:06,TCB,Bất thường,,"3,1%",
31/12/2024 18:25,TCB,Tăng nhẹ,"+0,43","+1,02%","0,43"
25/12/2024 16:19,TCB,Tăng nhẹ,,"+1,88%",
19/12/2024 16:53,TCB,Giảm nhẹ,,"-1,86%","0,77"
11/12/2024 15:54,TCB,Tăng nhẹ,,"+0,42%",
04/12/2024 17:12,TCB,Giảm nhẹ,,"-0,85%",
28/11/2024 16:19,TCB,Tăng nhẹ,,"+0,43%",
22/11/2024 16:26,TCB,Tăng nhẹ,"+0,51","+1,29%","0,51"
21/11/2024 16:00,TCB,Tăng nhẹ,,"+1,53%",
14/11/2024 16:35,TCB,Giảm nhẹ,,"-1,51%",
04/11/2024 18:05,TCB,Giảm nhẹ,,"-3,48%",
28/10/2024 17:09,TCB,Tăng nhẹ,,"+0,64%",
25/10/2024 17:15,TCB,Giảm nhẹ,,"-0,63%",
24/10/2024 17:49,TCB,Bất thường,,"2,3%",
18/10/2024 15:57,TCB,Tăng nhẹ,,"+0,41%",
11/10/2024 16:10,TCB,Giảm nhẹ,,"-0,41%",
07/10/2024 15:56,TCB,Tăng nhẹ,,"+0,42%",
04/10/2024 15:53,TCB,Giảm nhẹ,,"-1,23%",
03/10/2024 15:51,TCB,Giảm nhẹ,,"-2,21%",
02/10/2024 16:12,TCB,Tăng nhẹ,,"+1,01%",
01/10/2024 16:55,TCB,Tăng nhẹ,,"+1,86%","0,77"
26/09/2024 16:11,TCB,Tăng nhẹ,,"+1,26%",
19/09/2024 15:50,TCB,Tăng nhẹ,,"+0,87%",
17/09/2024 15:48,TCB,Tăng nhẹ,,"+2,48%",
12/09/2024 16:31,TCB,Tăng nhẹ,,"+0,9%",
30/08/2024 15:52,TCB,Tăng nhẹ,,"+1,52%",
28/08/2024 17:13,TCB,Tăng nhẹ,,"+1,55%",
19/08/2024 16:22,TCB,Tăng nhẹ,,"+2,1%",
09/08/2024 16:15,TCB,Tăng nhẹ,,"+1,2%",
10/01/2025 16:42,TCH,Giảm nhẹ,,"-4,3%",
19/12/2024 16:53,TCH,Giảm mạnh,,"-2,6%",
03/10/2024 15:51,TCH,Giảm nhẹ,,"-3,6%",
16/09/2024 19:07,TCH,Giảm nhẹ,,"-2,5%",
13/09/2024 16:09,TCH,Tăng nhẹ,,"+2,3%",
27/08/2024 19:24,TCH,Tăng nhẹ,,"+1,9%",
08/08/2024 17:20,TCM,Tăng nhẹ,,"+1,96%",
02/03/2025 08:28,TDC,Bất thường,,"10,64%",
25/12/2024 16:19,TIP,Tăng nhẹ,,"+0,2%",
20/12/2024 15:36,TIP,Tăng nhẹ,,"+0,9%",
02/12/2024 15:57,TIP,Tăng nhẹ,,"+0,5%",
26/11/2024 16:03,TIP,Tăng nhẹ,,"+1,1%",
06/11/2024 17:13,TIP,Tăng nhẹ,,"+5,8%",
10/01/2025 16:42,TLH,Giảm nhẹ,,"-2,3%",
18/12/2024 16:12,TLH,Tăng nhẹ,,"+1,3%",
13/12/2024 18:48,TLH,Giảm nhẹ,,"-0,8%",
04/12/2024 17:12,TLH,Giảm nhẹ,,"-0,7%",
19/11/2024 16:07,TLH,Giảm nhẹ,,"-0,4%",
30/10/2024 15:57,TLH,Giảm nhẹ,,"-0,6%",
21/10/2024 15:50,TLH,Giảm nhẹ,,"-0,9%",
18/10/2024 15:57,TLH,Giảm nhẹ,,"-0,6%",
14/10/2024 15:45,TLH,Giảm nhẹ,,"-1,3%",
17/09/2024 15:48,TLH,Tăng nhẹ,,"+0,4%",
10/09/2024 16:33,TLH,Giảm nhẹ,,"-0,9%",
05/09/2024 16:22,TLH,Giảm nhẹ,,"-1,4%",
30/08/2024 15:52,TLH,Giảm nhẹ,,"-1,3%",
28/08/2024 17:13,TLH,Tăng nhẹ,,"+0,8%",
23/08/2024 16:04,TLH,Tăng nhẹ,,"+0,3%",
21/08/2024 16:34,TLH,Tăng nhẹ,,"+3,7%",
19/08/2024 16:22,TLH,Tăng nhẹ,,"+1,7%",
09/08/2024 16:15,TLH,Tăng nhẹ,,"+1,5%",
10/01/2025 16:42,TNG,Giảm nhẹ,,"-2,1%",
06/01/2025 17:43,TNG,Giảm nhẹ,,"-4,7%",
22/11/2024 10:50,TNG,Tăng nhẹ,,"+8,01%",
06/11/2024 17:13,TNG,Tăng nhẹ,,"+2,4%",
04/09/2024 17:11,TNG,Giảm nhẹ,,"-2,6%",
11/02/2025 17:42,TPB,Tăng nhẹ,,"+1,5%",
08/11/2024 11:21,TPB,Bất thường,,"28,8%",
07/11/2024 16:50,TPB,Giảm nhẹ,,"-0,88%",
04/11/2024 18:05,TPB,Giảm nhẹ,,"-2,9%",
30/10/2024 15:57,TPB,Tăng nhẹ,,"+0,88%",
24/10/2024 17:49,TPB,Bất thường,,"3,4%",
07/10/2024 15:56,TPB,Tăng nhẹ,,"+1,45%",
06/10/2024 15:11,TPB,Bất thường,,"2,07%",
02/10/2024 16:12,TPB,Tăng nhẹ,,"+2,34%",
29/09/2024 17:02,TPB,Bất thường,,"12,04%",
27/09/2024 18:12,TPB,Tăng nhẹ,,"+3,3%",
10/09/2024 16:33,TPB,Tăng nhẹ,,"+1,14%",
23/08/2024 16:04,TPB,Giảm nhẹ,,"-0,56%",
31/03/2025 18:12,TRC,Giảm nhẹ,,"-5,8%",
09/03/2025 08:32,TRC,Tăng nhẹ,,"+38,2%",
20/02/2025 16:27,TRC,Tăng nhẹ,,"+3,2%",
16/10/2024 18:04,TTC,Bất thường,,"22,62%",
16/09/2024 11:55,TTC,Bất thường,,"0,028%",
03/03/2025 08:26,TTM,Tăng nhẹ,,"+16,5%",
18/10/2024 15:57,TVB,Giảm nhẹ,,"-1,1%",
08/01/2025 16:08,TVN,Tăng mạnh,,"+6,7%",
09/09/2024 16:07,TVN,Tăng nhẹ,,"+4,44%",
15/08/2024 17:17,TVN,Giảm nhẹ,,"-4,2%",
07/04/2025 12:59,UFJ,Bất thường,,"11,3%",
27/11/2024 18:37,UPCOM-Index,Giảm nhẹ,"-0,1","-0,11%","91,96"
18/03/2025 07:55,USD,Giảm nhẹ,,"-4,8%",
17/03/2025 11:02,USD,Bất thường,,"0,9%",
20/01/2025 09:39,USD,Giảm nhẹ,,"-0,2%",
06/01/2025 07:26,USD,Tăng nhẹ,,"+7,1%",
02/01/2025 08:58,USD,Bất thường,,"56,4%",
13/12/2024 20:32,USD,Tăng nhẹ,,"+4,5%",
12/12/2024 14:56,USD,Tăng nhẹ,,"+4,5%",
17/09/2024 10:56,USD,Giảm nhẹ,,"-3,3%",
01/09/2024 08:19,VAT,Tăng nhẹ,,"+26,7%",
11/04/2025 17:11,VCB,Tăng nhẹ,,"+6,6%",
28/03/2025 16:53,VCB,Giảm nhẹ,,"-1,1%",
12/03/2025 18:20,VCB,Tăng mạnh,,"+3,1%",
11/03/2025 09:07,VCB,Bất thường,,"49,5%",
07/03/2025 16:44,VCB,Tăng nhẹ,,"+1,7%",
11/02/2025 17:42,VCB,Giảm nhẹ,,"-0,33%",
13/01/2025 16:04,VCB,Tăng nhẹ,,"+0,55%",
26/12/2024 17:40,VCB,Giảm nhẹ,,"-0,32%",
13/12/2024 18:48,VCB,Giảm nhẹ,,"-0,43%",
11/12/2024 15:54,VCB,Giảm nhẹ,,"-1,27%",
10/12/2024 16:27,VCB,Giảm nhẹ,,"-0,84%",
04/12/2024 17:12,VCB,Tăng nhẹ,,"+0,54%",
02/12/2024 15:57,VCB,Bất thường,,"0,96%",
29/11/2024 17:56,VCB,Tăng nhẹ,,"+0,76%",
26/11/2024 16:03,VCB,Tăng nhẹ,,"+1,2%",
25/11/2024 15:57,VCB,Tăng nhẹ,"+0,94","+0,77%","0,94"
19/11/2024 16:07,VCB,Bất thường,,"1,1%",
14/11/2024 16:35,VCB,Giảm nhẹ,,"-0,54%",
13/11/2024 15:34,VCB,Tăng nhẹ,,"+0,65%",
08/11/2024 17:38,VCB,Giảm nhẹ,,"-1,07%","1,35"
07/11/2024 16:50,VCB,Tăng nhẹ,,"+0,32%",
05/11/2024 17:02,VCB,Tăng nhẹ,,"+0,11%",
04/11/2024 18:05,VCB,Giảm nhẹ,,"-1,1%",
28/10/2024 17:09,VCB,Tăng nhẹ,,"+0,22%",
24/10/2024 17:49,VCB,Tăng nhẹ,,"+0,22%",
21/10/2024 15:50,VCB,Giảm nhẹ,,"-0,43%",
18/10/2024 15:57,VCB,Tăng nhẹ,,"+0,22%",
17/10/2024 15:54,VCB,Tăng nhẹ,,"+0,77%",
11/10/2024 16:10,VCB,Giảm nhẹ,,"-0,44%",
09/10/2024 15:52,VCB,Bất thường,,"0,55%",
07/10/2024 15:56,VCB,Giảm nhẹ,,"-0,33%",
04/10/2024 15:53,VCB,Giảm nhẹ,,"-0,32%",
02/10/2024 16:12,VCB,Tăng nhẹ,,"+0,76%",
26/09/2024 16:11,VCB,Bất thường,,"0,32%",
25/09/2024 16:05,VCB,Tăng nhẹ,,"+1,75%","2,16"
24/09/2024 16:12,VCB,Tăng nhẹ,,"+0,33%",
19/09/2024 15:50,VCB,Tăng nhẹ,,"+0,55%",
18/09/2024 18:47,VCB,Tăng nhẹ,"+0,68","+0,55%","0,68"
17/09/2024 15:48,VCB,Tăng nhẹ,,"+1,8%",
16/09/2024 19:07,VCB,Giảm nhẹ,,"-1,11%",
12/09/2024 16:31,VCB,Tăng nhẹ,,"+1,24%",
10/09/2024 16:33,VCB,Giảm nhẹ,,"-1,33%",
30/08/2024 15:52,VCB,Tăng nhẹ,,"+0,22%",
29/08/2024 21:51,VCB,Tăng nhẹ,,"+0,44%",
27/08/2024 19:24,VCB,Giảm nhẹ,,"-0,54%","0,68"
26/08/2024 15:52,VCB,Giảm nhẹ,,"-0,43%",
21/08/2024 16:34,VCB,Bất thường,,"2,2%",
20/08/2024 17:53,VCB,Tăng nhẹ,,"+2,25%",
19/08/2024 16:22,VCB,Tăng nhẹ,,"+0,79%",
14/08/2024 16:13,VCB,Giảm nhẹ,,"-1,68%",
13/08/2024 16:36,VCB,Tăng mạnh,,"+1,9%",
09/08/2024 16:15,VCB,Tăng nhẹ,,"+0,46%",
05/09/2024 16:22,VCF,Tăng nhẹ,,"+2,57%",
30/08/2024 15:52,VCF,Giảm nhẹ,,"-5,35%",
27/08/2024 15:57,VCF,Bất thường,,"98,79%",
31/12/2024 18:25,VCG,Giảm nhẹ,,"-1,6%",
03/03/2025 16:37,VCI,Tăng nhẹ,,"+2,3%",
19/11/2024 16:07,VCI,Giảm nhẹ,,"-2,3%",
14/11/2024 16:35,VCI,Giảm nhẹ,,"-4,8%",
08/11/2024 11:21,VCI,Bất thường,,"3,3%",
07/11/2024 16:50,VCI,Giảm nhẹ,,"-0,9%",
06/11/2024 17:13,VCI,Tăng nhẹ,,"+2,5%",
18/10/2024 15:57,VCI,Giảm nhẹ,,"-1,6%",
15/10/2024 17:49,VCI,Giảm nhẹ,,"-1,9%",
11/10/2024 16:10,VCI,Tăng nhẹ,,"+1,2%",
10/10/2024 16:45,VCI,Giảm nhẹ,,"-2,67%",
01/10/2024 16:55,VCI,Giảm nhẹ,,"-0,5%",
30/09/2024 16:19,VCI,Tăng nhẹ,,"+2,23%",
25/09/2024 16:05,VCI,Tăng nhẹ,,"+3,19%",
17/09/2024 15:48,VCI,Tăng nhẹ,,"+5,1%",
16/09/2024 19:07,VCI,Giảm nhẹ,,"-2,7%",
09/09/2024 16:07,VCI,Giảm nhẹ,,"-1,43%",
29/08/2024 21:51,VCI,Giảm nhẹ,,"-2,9%",
19/08/2024 16:22,VCI,Bất thường,,"1,07%",
20/02/2025 14:48,VCP,Bất thường,,"55,7%",
05/03/2025 17:50,VDS,Giảm nhẹ,,"-2,4%",
24/02/2025 17:02,VDS,Tăng nhẹ,,"+3,5%",
20/01/2025 16:11,VDS,Giảm mạnh,,"-3,9%",
26/12/2024 17:40,VDS,Giảm nhẹ,,"-2,4%",
27/11/2024 18:37,VDS,Giảm nhẹ,,"-1,38%",
26/11/2024 16:03,VDS,Tăng nhẹ,,"+1,7%",
15/11/2024 18:25,VDS,Bất thường,,"4,88%",
14/11/2024 16:35,VDS,Giảm nhẹ,,"-4,9%",
07/11/2024 16:50,VDS,Giảm nhẹ,,"-1,2%",
06/11/2024 17:13,VDS,Tăng nhẹ,,"+3,3%",
22/10/2024 15:37,VDS,Giảm nhẹ,,"-3,5%",
18/10/2024 15:57,VDS,Giảm nhẹ,,"-0,7%",
17/10/2024 15:54,VDS,Giảm nhẹ,,"-0,71%",
03/10/2024 15:51,VDS,Giảm nhẹ,,"-2,2%",
25/09/2024 16:05,VDS,Tăng nhẹ,,"+2,35%",
18/09/2024 18:47,VDS,Tăng nhẹ,,"+3,91%",
11/09/2024 17:30,VDS,Tăng nhẹ,,"+3,8%",
20/08/2024 17:53,VDS,Tăng nhẹ,,"+1,6%",
15/08/2024 17:17,VDS,Giảm nhẹ,,"-2,5%",
13/04/2025 09:37,VFS,Bất thường,,"99,98%",
10/10/2024 09:06,VFS,Bất thường,,"40,1%",
19/02/2025 18:19,VGC,Tăng nhẹ,,"+3,9%",
25/12/2024 16:19,VGC,Tăng nhẹ,,"+0,8%",
20/12/2024 15:36,VGC,Tăng nhẹ,,"+0,7%",
16/12/2024 16:15,VGC,Tăng nhẹ,,"+1,6%",
02/12/2024 15:57,VGC,Tăng nhẹ,,"+1,9%",
07/11/2024 16:50,VGC,Giảm nhẹ,,"-1,1%",
22/01/2025 16:06,VGI,Tăng nhẹ,,"+3,5%",
06/01/2025 17:43,VGI,Tăng nhẹ,,"+2,3%",
31/10/2024 16:50,VGI,Giảm nhẹ,,"-0,7%",
18/09/2024 18:47,VGI,Tăng nhẹ,,"+9,8%",
18/02/2025 15:51,VGS,Tăng nhẹ,,"+2,2%",
10/01/2025 16:42,VGS,Giảm nhẹ,,"-5,7%",
06/01/2025 17:43,VGS,Giảm nhẹ,,"-6,3%",
15/11/2024 18:25,VGS,Tăng nhẹ,,"+1,15%",
08/10/2024 19:11,VGS,Tăng nhẹ,,"+2,14%",
01/10/2024 16:55,VGS,Bất thường,,"1,5%",
30/09/2024 16:19,VGS,Tăng nhẹ,,"+1,8%",
25/09/2024 16:05,VGS,Tăng nhẹ,,"+4,1%",
15/08/2024 17:17,VGS,Giảm nhẹ,,"-3,6%",
10/01/2025 16:42,VGT,Giảm nhẹ,,"-2,9%",
06/11/2024 17:13,VGT,Tăng nhẹ,,"+2,94%",
10/01/2025 16:42,VHC,Giảm nhẹ,,"-4,4%",
01/04/2025 16:53,VHM,Tăng nhẹ,,"+3,3%",
24/03/2025 16:33,VHM,Tăng nhẹ,,"+6,32%",
12/03/2025 18:20,VHM,Tăng nhẹ,,"+3,2%",
07/03/2025 16:44,VHM,Tăng nhẹ,,"+3,1%",
23/12/2024 15:47,VHM,Tăng nhẹ,,"+0,62%",
17/12/2024 16:16,VHM,Tăng nhẹ,,"+0,85%","0,35"
16/12/2024 16:15,VHM,Tăng nhẹ,,"+0,74%",
10/12/2024 16:27,VHM,Giảm nhẹ,,"-1,2%",
05/12/2024 16:10,VHM,Bất thường,"1,29",,"1,29"
04/12/2024 17:12,VHM,Giảm nhẹ,,"-1,96%",
29/11/2024 17:56,VHM,Bất thường,,"0,73%",
28/11/2024 16:19,VHM,Tăng nhẹ,,"+1,91%",
26/11/2024 16:03,VHM,Giảm nhẹ,,"-0,7%",
22/11/2024 16:26,VHM,Giảm mạnh,,"-3,9%",
19/11/2024 16:07,VHM,Tăng nhẹ,,"+3,43%",
30/10/2024 15:57,VHM,Giảm nhẹ,,"-3,74%",
27/10/2024 14:32,VHM,Bất thường,,"9,5%",
24/10/2024 21:27,VHM,Giảm nhẹ,,"-2,59%",
24/10/2024 17:49,VHM,Bất thường,,"6,7%",
23/10/2024 15:51,VHM,Giảm nhẹ,,"-2,59%",
22/10/2024 15:37,VHM,Tăng nhẹ,,"+0,94%",
21/10/2024 15:50,VHM,Tăng nhẹ,,"+5,64%",
16/10/2024 15:44,VHM,Tăng nhẹ,,"+0,78%",
14/10/2024 15:45,VHM,Tăng nhẹ,,"+4,01%",
11/10/2024 16:10,VHM,Bất thường,,"3,44%",
10/10/2024 16:45,VHM,Giảm nhẹ,,"-0,82%","0,37"
09/10/2024 15:52,VHM,Tăng nhẹ,,"+2,16%",
07/10/2024 15:56,VHM,Giảm nhẹ,,"-0,72%",
01/10/2024 16:55,VHM,Tăng nhẹ,,"+1,5%",
19/09/2024 15:50,VHM,Tăng nhẹ,,"+0,57%",
17/09/2024 15:48,VHM,Bất thường,,"5,39%",
09/09/2024 16:07,VHM,Giảm nhẹ,,"-2,05%","0,95"
08/09/2024 16:21,VHM,Bất thường,,"5,78%",
06/09/2024 17:00,VHM,Tăng nhẹ,,"+0,34%",
05/09/2024 16:22,VHM,Tăng nhẹ,,"+2,94%",
04/09/2024 17:11,VHM,Tăng nhẹ,,"+2,4%",
28/08/2024 17:13,VHM,Giảm nhẹ,,"-1,21%",
27/08/2024 19:24,VHM,Tăng nhẹ,,"+2,22%",
23/08/2024 16:04,VHM,Giảm nhẹ,,"-0,13%",
20/08/2024 17:53,VHM,Tăng nhẹ,"+0,84","+2,07%","0,84"
14/08/2024 16:13,VHM,Tăng nhẹ,,"+2,34%",
12/08/2024 17:39,VHM,Giảm nhẹ,,"-1,88%",
09/08/2024 16:15,VHM,Giảm nhẹ,,"-1,06%",
23/03/2025 08:31,VIB,Bất thường,,"25,2%",
18/12/2024 16:12,VIB,Giảm nhẹ,,"-0,26%",
09/12/2024 18:43,VIB,Giảm nhẹ,,"-20,5%",
28/11/2024 16:19,VIB,Tăng nhẹ,,"+2,16%",
25/11/2024 15:57,VIB,Tăng nhẹ,,"+1,65%",
21/11/2024 17:14,VIB,Bất thường,,"2,821%",
04/11/2024 18:05,VIB,Giảm nhẹ,,"-1,9%",
30/10/2024 15:57,VIB,Tăng nhẹ,,"+1,33%",
29/10/2024 16:20,VIB,Bất thường,,"14,78%",
25/10/2024 17:15,VIB,Giảm nhẹ,,"-1,35%",
02/10/2024 16:12,VIB,Giảm nhẹ,,"-1,26%",
01/10/2024 16:55,VIB,Tăng nhẹ,,"+2,6%",
24/09/2024 16:12,VIB,Tăng nhẹ,,"+3,24%",
12/09/2024 16:31,VIB,Tăng nhẹ,,"+1,68%",
01/04/2025 16:53,VIC,Tăng nhẹ,,"+2,9%",
24/03/2025 16:33,VIC,Tăng nhẹ,,"+37,6%",
19/03/2025 17:34,VIC,Tăng nhẹ,"+0,55","+1,17%","0,55"
10/03/2025 16:59,VIC,Bất thường,,"1,8%",
05/03/2025 17:50,VIC,Tăng nhẹ,"+0,27","+0,72%","0,27"
03/03/2025 16:37,VIC,Tăng nhẹ,"+0,78","+2,06%","0,78"
21/02/2025 17:39,VIC,Bất thường,,"0,73%",
20/02/2025 16:27,VIC,Tăng nhẹ,,"+1,36%",
12/12/2024 16:00,VIC,Giảm nhẹ,,"-0,97%","0,37"
10/12/2024 16:27,VIC,Giảm mạnh,,"-1,55%",
06/12/2024 15:10,VIC,Tăng nhẹ,,"+2,4%",
04/12/2024 17:12,VIC,Giảm nhẹ,,"-0,99%",
29/11/2024 17:56,VIC,Giảm nhẹ,,"-0,49%",
14/11/2024 16:35,VIC,Tăng nhẹ,,"+0,25%",
08/11/2024 17:38,VIC,Giảm nhẹ,,"-1,6%",
31/10/2024 16:50,VIC,Tăng nhẹ,,"+1,34%",
30/10/2024 15:57,VIC,Giảm nhẹ,,"-0,85%",
27/10/2024 14:32,VIC,Bất thường,,"8,5%",
24/10/2024 17:49,VIC,Bất thường,,"2,66%",
21/10/2024 15:50,VIC,Tăng nhẹ,,"+1,08%",
18/10/2024 15:57,VIC,Tăng nhẹ,,"+0,6%",
14/10/2024 15:45,VIC,Tăng nhẹ,,"+0,84%",
11/10/2024 16:10,VIC,Tăng nhẹ,,"+0,97%",
09/10/2024 15:52,VIC,Tăng nhẹ,,"+1,71%",
07/10/2024 15:56,VIC,Giảm nhẹ,,"-0,37%",
03/10/2024 15:51,VIC,Giảm nhẹ,,"-1,66%",
01/10/2024 16:55,VIC,Tăng nhẹ,,"+0,7%",
20/09/2024 16:43,VIC,Giảm nhẹ,,"-1,4%","0,56"
19/09/2024 15:50,VIC,Tăng nhẹ,,"+0,59%",
18/09/2024 18:47,VIC,Giảm nhẹ,,"-0,58%","0,23"
17/09/2024 15:48,VIC,Tăng nhẹ,,"+2,02%",
09/09/2024 16:07,VIC,Giảm nhẹ,,"-2,13%","0,88"
08/09/2024 16:21,VIC,Bất thường,,"1,02%",
28/08/2024 17:13,VIC,Giảm nhẹ,,"-1,55%",
26/08/2024 15:52,VIC,Tăng nhẹ,,"+1,44%",
12/08/2024 17:39,VIC,Giảm nhẹ,,"-1,46%",
09/08/2024 16:15,VIC,Giảm nhẹ,,"-1,44%",
12/03/2025 18:20,VIX,Tăng nhẹ,,"+4,2%",
05/03/2025 17:50,VIX,Giảm nhẹ,,"-3,5%",
03/03/2025 16:37,VIX,Tăng nhẹ,,"+3,1%",
04/02/2025 16:15,VIX,Tăng nhẹ,,"+3,15%",
26/11/2024 16:03,VIX,Tăng nhẹ,,"+2,7%",
19/11/2024 16:07,VIX,Giảm nhẹ,,"-3,2%",
04/11/2024 07:31,VIX,Tăng nhẹ,,"+100,5%",
03/10/2024 15:51,VIX,Giảm nhẹ,,"-2,87%",
01/10/2024 16:55,VIX,Tăng nhẹ,,"+2,9%",
25/09/2024 16:05,VIX,Tăng nhẹ,,"+5,26%",
21/09/2024 09:02,VIX,Giảm nhẹ,,"-32,9%",
13/09/2024 14:25,VIX,Bất thường,,"5,56%",
10/09/2024 18:29,VIX,Bất thường,,"3,58%",
10/09/2024 16:33,VIX,Giảm nhẹ,,"-2,6%",
09/09/2024 08:16,VIX,Bất thường,,"5,56%",
14/08/2024 16:13,VIX,Giảm nhẹ,,"-2,2%",
23/12/2024 15:47,VJC,Tăng nhẹ,,"+1,41%",
29/11/2024 17:56,VJC,Tăng nhẹ,,"+0,2%",
23/10/2024 15:51,VJC,Tăng nhẹ,,"+0,2%",
04/10/2024 15:53,VJC,Giảm nhẹ,,"-0,2%",
02/10/2024 16:12,VJC,Bất thường,,"0,3%",
10/09/2024 16:33,VJC,Tăng nhẹ,,"+1,17%",
30/08/2024 15:52,VJC,Tăng nhẹ,,"+0,6%",
21/08/2024 16:34,VJC,Giảm nhẹ,,"-0,47%",
14/08/2024 16:13,VJC,Giảm nhẹ,,"-0,3%",
12/08/2024 17:39,VJC,Tăng nhẹ,,"+0,2%",
11/04/2025 17:11,VN-Index,Tăng nhẹ,,"+0,97%",
10/04/2025 17:50,VN-Index,Tăng nhẹ,"+74,04",,"74,04"
09/04/2025 14:48,VN-Index,Tăng nhẹ,,"+0,11%",
08/04/2025 17:09,VN-Index,Tăng mạnh,,"8,10%",
06/04/2025 16:41,VN-Index,Giảm nhẹ,,"-6,68%",
04/04/2025 09:28,VN-Index,Tăng nhẹ,,"+12,1%",
03/04/2025 13:13,VN-Index,Giảm nhẹ,"-82,28",,"82,28"
01/04/2025 16:53,VN-Index,Tăng nhẹ,,"+0,11%","1,50"
31/03/2025 18:12,VN-Index,Tăng nhẹ,,"+0,84%","0,29"
28/03/2025 16:53,VN-Index,Giảm nhẹ,"-6,35","-0,48%","6,35"
26/03/2025 16:13,VN-Index,Giảm nhẹ,"-5,83","-0,44%","5,83"
24/03/2025 16:33,VN-Index,Tăng nhẹ,"+8,44","+0,64%","1.330,32"
24/03/2025 09:29,VN-Index,Tăng nhẹ,,"+4,4%",
21/03/2025 17:50,VN-Index,Giảm nhẹ,"-2,05","-0,15%","2,05"
21/03/2025 09:02,VN-Index,Bất thường,,"4,15%",
21/03/2025 08:21,VN-Index,Tăng nhẹ,,"+1,7%",
19/03/2025 17:34,VN-Index,Tăng mạnh,"+1,33",,"1,33"
17/03/2025 17:40,VN-Index,Tăng nhẹ,"+10,11","+0,76%","1.336,26"
14/03/2025 16:57,VN-Index,Giảm nhẹ,"-0,12","-0,01%","0,12"
12/03/2025 18:20,VN-Index,Tăng nhẹ,"+1,87","+0,14%","1.334,41"
10/03/2025 16:59,VN-Index,Giảm nhẹ,,"-1,5%","0,74"
07/03/2025 16:44,VN-Index,Tăng nhẹ,"+2,69",,"2,69"
05/03/2025 17:50,VN-Index,Giảm nhẹ,"-7,2","-0,55%",
03/03/2025 16:37,VN-Index,Tăng nhẹ,"+4,01","+0,31%","1.309,37"
24/02/2025 17:02,VN-Index,Tăng nhẹ,"+7,81","+0,6%","1.304,56"
22/02/2025 09:36,VN-Index,Tăng nhẹ,,"+3,4%",
21/02/2025 17:39,VN-Index,Tăng nhẹ,,"+0,29%",
20/02/2025 16:27,VN-Index,Tăng nhẹ,"+4,42","+0,34%","1.292,98"
19/02/2025 18:19,VN-Index,Tăng nhẹ,"+10,42","+0,82%","1.288,56"
18/02/2025 15:51,VN-Index,Tăng nhẹ,"+5,42","+0,43%","1.278,14"
17/02/2025 15:54,VN-Index,Giảm nhẹ,"-3,36","-0,26%","3,36"
13/02/2025 17:31,VN-Index,Tăng nhẹ,,"+0,27%",
11/02/2025 17:42,VN-Index,Tăng nhẹ,"+5,19","+0,41%","1.268,45"
09/02/2025 09:03,VN-Index,Tăng nhẹ,,"+0,14%",
08/02/2025 08:35,VN-Index,Tăng nhẹ,,"+12,1%",
07/02/2025 17:22,VN-Index,Tăng nhẹ,"+3,72",,"3,72"
06/02/2025 16:25,VN-Index,Tăng nhẹ,"+1,87","+0,15%","1.271,48"
04/02/2025 16:15,VN-Index,Tăng nhẹ,"+11,65","+0,93%","1.264,68"
03/02/2025 16:43,VN-Index,Giảm nhẹ,"-12,02","-0,95%","12,02"
24/01/2025 17:11,VN-Index,Bất thường,"0,94",,"0,94"
22/01/2025 16:06,VN-Index,Giảm nhẹ,"-3,56","-0,29%","3,56"
20/01/2025 16:11,VN-Index,Tăng nhẹ,"+0,44","+0,04%","1.249,55"
20/01/2025 09:39,VN-Index,Tăng nhẹ,,"+1,5%",
17/01/2025 16:25,VN-Index,Tăng nhẹ,"+6,75","+0,54%","1.249,11"
16/01/2025 07:33,VN-Index,Giảm nhẹ,,"-1,8%",
13/01/2025 16:04,VN-Index,Tăng nhẹ,,"+0,42%",
10/01/2025 16:42,VN-Index,Giảm nhẹ,"-15,29","-1,23%","15,29"
08/01/2025 16:08,VN-Index,Tăng nhẹ,"+4,07",,"4,07"
06/01/2025 17:43,VN-Index,Giảm nhẹ,"-8,24","-0,66%","8,24"
03/01/2025 16:06,VN-Index,Bất thường,,"1,19%",
31/12/2024 18:25,VN-Index,Tăng nhẹ,,"+12,11%",
26/12/2024 17:40,VN-Index,Giảm nhẹ,"-1,17","-0,09%","1,17"
24/12/2024 16:29,VN-Index,Giảm nhẹ,"-2,4","-0,19%",
22/12/2024 17:17,VN-Index,Giảm nhẹ,,"-0,4%",
19/12/2024 16:53,VN-Index,Giảm nhẹ,"-11,33","-0,89%","11,33"
17/12/2024 16:16,VN-Index,Giảm nhẹ,"-2,07",,"2,07"
14/12/2024 09:36,VN-Index,Bất thường,,"1,11%",
13/12/2024 18:48,VN-Index,Giảm nhẹ,"-4,78",,"4,78"
12/12/2024 16:00,VN-Index,Giảm nhẹ,"-1,51","-0,12%","1,51"
10/12/2024 16:27,VN-Index,Giảm nhẹ,"-1,77","-0,14%","1,77"
05/12/2024 16:10,VN-Index,Tăng nhẹ,"+27,12","+2,19%","1.267,53"
04/12/2024 17:12,VN-Index,Giảm nhẹ,"-9,42",,"9,42"
04/12/2024 09:52,VN-Index,Giảm nhẹ,,"-1,3%",
03/12/2024 18:08,VN-Index,Giảm nhẹ,"-1,38","-0,11%","1,38"
27/11/2024 18:37,VN-Index,Giảm nhẹ,"-0,16","-0,01%","0,16"
25/11/2024 15:57,VN-Index,Tăng nhẹ,,"+0,78%",
25/11/2024 07:59,VN-Index,Tăng nhẹ,,"+11,9%",
22/11/2024 16:26,VN-Index,Tăng nhẹ,,"+3,39%",
20/11/2024 16:13,VN-Index,Tăng nhẹ,"+11,39","+0,95%","1.216,54"
18/11/2024 16:29,VN-Index,Giảm nhẹ,,"-2,71%",
17/11/2024 16:48,VN-Index,Giảm mạnh,,"-2,71%",
13/11/2024 15:34,VN-Index,Bất thường,"0,39",,"0,39"
12/11/2024 16:39,VN-Index,Giảm nhẹ,"-5,5",,
11/11/2024 16:24,VN-Index,Tăng nhẹ,"+0,89",,"0,89"
11/11/2024 15:57,VN-Index,Giảm nhẹ,,"-0,18%",
08/11/2024 17:38,VN-Index,Giảm mạnh,,"-3,38%","1,47"
08/11/2024 11:21,VN-Index,Giảm nhẹ,,"-1,8%",
07/11/2024 16:50,VN-Index,Giảm nhẹ,,"-0,94%",
06/11/2024 17:13,VN-Index,Tăng nhẹ,"+15,52","+1,25%","1.261,28"
05/11/2024 17:14,VN-Index,Giảm nhẹ,,"-4,7%",
05/11/2024 17:02,VN-Index,Tăng nhẹ,"+1,05",,"1,05"
04/11/2024 18:05,VN-Index,Giảm nhẹ,,"-2,3%","0,73"
01/11/2024 16:08,VN-Index,Giảm nhẹ,,"-2,74%","0,77"
31/10/2024 16:50,VN-Index,Tăng nhẹ,"+5,85","+0,46%","1.264,48"
30/10/2024 15:57,VN-Index,Tăng nhẹ,,"+1,05%",
29/10/2024 16:20,VN-Index,Tăng nhẹ,,"+0,56%",
28/10/2024 17:09,VN-Index,Giảm nhẹ,,"-2,62%",
24/10/2024 17:49,VN-Index,Tăng nhẹ,,"+1,63%",
23/10/2024 15:51,VN-Index,Bất thường,,"2,37%",
22/10/2024 15:37,VN-Index,Bất thường,"0,36",,"0,36"
21/10/2024 15:50,VN-Index,Giảm nhẹ,"-5,69",,"5,69"
20/10/2024 14:03,VN-Index,Giảm nhẹ,,"-0,23%",
18/10/2024 15:57,VN-Index,Tăng nhẹ,,"+0,28%",
17/10/2024 15:54,VN-Index,Tăng nhẹ,"+7,04","+0,55%","1.286,52"
16/10/2024 15:44,VN-Index,Giảm nhẹ,"-1,6",,
15/10/2024 17:49,VN-Index,Giảm nhẹ,"-5,26","-0,41%","5,26"
14/10/2024 15:45,VN-Index,Giảm nhẹ,"-2,05",,"2,05"
10/10/2024 16:45,VN-Index,Tăng nhẹ,"+4,51","+0,35%","1.286,36"
08/10/2024 19:11,VN-Index,Tăng nhẹ,"+2,05","+0,16%","1.271,98"
07/10/2024 15:56,VN-Index,Giảm nhẹ,"-0,67",,"0,67"
06/10/2024 15:11,VN-Index,Giảm nhẹ,,"-1,57%","20,32"
04/10/2024 15:53,VN-Index,Giảm nhẹ,"-7,5",,
03/10/2024 15:51,VN-Index,Giảm nhẹ,,"-4,15%",
01/10/2024 16:55,VN-Index,Bất thường,"0,36",,"0,36"
30/09/2024 16:19,VN-Index,Tăng nhẹ,,"+1,8%",
29/09/2024 17:02,VN-Index,Tăng nhẹ,,"+1,48%",
27/09/2024 18:12,VN-Index,Bất thường,"0,78",,"0,78"
25/09/2024 16:05,VN-Index,Tăng nhẹ,"+10,49","+0,82%","1.287,48"
22/09/2024 15:29,VN-Index,Tăng nhẹ,"+20,33","+1,62%","20,33"
20/09/2024 16:43,VN-Index,Tăng nhẹ,"+0,77","+0,06%","1.272,04"
18/09/2024 18:47,VN-Index,Tăng nhẹ,"+0,54","+4,8%","0,54"
17/09/2024 15:48,VN-Index,Tăng nhẹ,"+19,69",,"19,69"
16/09/2024 19:07,VN-Index,Giảm nhẹ,,"-1,75%",
16/09/2024 17:16,VN-Index,Tăng nhẹ,,"+5,5%",
13/09/2024 16:09,VN-Index,Giảm nhẹ,,"-2,37%","1,12"
11/09/2024 17:30,VN-Index,Giảm nhẹ,"-1,96","-0,16%","1,96"
11/09/2024 14:44,VN-Index,Tăng nhẹ,,"+2,6%",
09/09/2024 16:07,VN-Index,Giảm nhẹ,,"-0,51%","0,35"
08/09/2024 16:21,VN-Index,Giảm nhẹ,,"-0,77%","9,91"
06/09/2024 17:00,VN-Index,Tăng nhẹ,"+5,75","+0,45%","1.273,96"
05/09/2024 17:25,VN-Index,Tăng nhẹ,,"+5,5%",
04/09/2024 17:11,VN-Index,Giảm nhẹ,,"-0,76%",
30/08/2024 15:52,VN-Index,Tăng nhẹ,"+2,4",,
29/08/2024 21:51,VN-Index,Bất thường,"0,41",,"0,41"
27/08/2024 19:24,VN-Index,Tăng nhẹ,"+0,54","+0,04%","1.280,56"
26/08/2024 15:52,VN-Index,Tăng nhẹ,,"+1,89%",
23/08/2024 16:04,VN-Index,Tăng nhẹ,"+2,54",,"2,54"
20/08/2024 17:53,VN-Index,Tăng nhẹ,"+10,93","+0,87%","1.272,55"
15/08/2024 17:17,VN-Index,Giảm nhẹ,,"-2,25%","0,73"
13/08/2024 16:36,VN-Index,Tăng nhẹ,"+0,14","+0,01%","1.230,42"
12/08/2024 17:39,VN-Index,Tăng nhẹ,"+6,64",,"6,64"
08/08/2024 17:20,VN-Index,Giảm nhẹ,,"-4,36%","1,63"
08/08/2024 16:56,VN-Index,Giảm nhẹ,,"-3,92%",
11/04/2025 17:11,VN30,Bất thường,,"3,1%",
28/03/2025 16:53,VN30,Giảm nhẹ,,"-2,8%",
23/03/2025 17:39,VN30,Giảm nhẹ,,"-0,63%",
07/03/2025 15:40,VN30,Tăng nhẹ,,"+3,19%",
03/03/2025 08:26,VN30,Tăng nhẹ,,"+1,05%",
24/01/2025 17:11,VN30,Tăng nhẹ,,"+1,56%",
20/01/2025 09:39,VN30,Bất thường,,"2,5%",
21/12/2024 08:28,VN30,Tăng nhẹ,,"+18,2%",
11/12/2024 15:54,VN30,Tăng nhẹ,"+0,63",,"0,63"
13/11/2024 15:34,VN30,Giảm mạnh,,"-1,64%",
27/10/2024 14:32,VN30,Giảm nhẹ,,"-2,7%",
16/09/2024 19:07,VN30,Tăng nhẹ,,"+0,87%",
14/08/2024 16:13,VN30,Tăng nhẹ,"+1,66",,"1,66"
28/03/2025 16:53,VND,Tăng nhẹ,,"+0,96%",
18/03/2025 07:55,VND,Tăng nhẹ,,"+0,6%",
17/02/2025 15:54,VND,Tăng nhẹ,,"+2,8%",
05/12/2024 16:10,VND,Giảm nhẹ,,"-5,7%",
08/11/2024 11:21,VND,Bất thường,,"2,8%",
05/11/2024 17:14,VND,Bất thường,,"2,9%",
01/11/2024 10:35,VND,Tăng nhẹ,,"+1,3%",
17/10/2024 15:54,VND,Tăng nhẹ,,"+1,7%",
15/10/2024 17:49,VND,Giảm nhẹ,,"-2,16%",
17/09/2024 15:48,VND,Tăng nhẹ,,"+3,2%",
27/08/2024 19:24,VND,Giảm nhẹ,,"-1,59%",
13/08/2024 16:36,VND,Giảm nhẹ,,"-2,3%",
23/12/2024 15:47,VNM,Bất thường,,"0,92%",
16/12/2024 16:15,VNM,Tăng nhẹ,,"+1,25%",
13/12/2024 18:48,VNM,Bất thường,,"0,62%",
30/10/2024 15:57,VNM,Bất thường,,"1,04%",
28/10/2024 17:09,VNM,Giảm nhẹ,,"-1,18%",
16/10/2024 15:44,VNM,Tăng nhẹ,,"+1,05%",
09/10/2024 15:52,VNM,Bất thường,,"0,59%",
07/10/2024 15:56,VNM,Giảm nhẹ,,"-2,04%",
04/10/2024 15:53,VNM,Giảm nhẹ,,"-2,56%",
24/09/2024 16:12,VNM,Giảm nhẹ,,"-0,28%",
09/09/2024 16:07,VNM,Giảm nhẹ,,"-0,8%",
05/09/2024 16:22,VNM,Tăng nhẹ,,"+0,54%",
23/08/2024 16:04,VNM,Tăng nhẹ,,"+0,94%",
23/08/2024 09:19,VNM,Bất thường,,"9,5%",
20/08/2024 17:53,VNM,Giảm nhẹ,,"-0,53%",
19/08/2024 16:22,VNM,Bất thường,,"2,98%",
09/08/2024 16:15,VNM,Tăng nhẹ,,"+0,83%",
09/09/2024 16:07,VNR,Giảm nhẹ,,"-1,5%",
17/11/2024 15:10,VNS,Giảm nhẹ,,"-36,1%",
16/10/2024 07:20,VNS,Bất thường,,"2,11%",
24/12/2024 16:29,VOS,Tăng nhẹ,,"+5,6%",
17/03/2025 17:40,VPB,Tăng mạnh,"+1,14",,"1,14"
17/12/2024 16:16,VPB,Giảm nhẹ,,"-0,79%","0,29"
13/12/2024 18:48,VPB,Giảm nhẹ,,"-0,78%",
04/12/2024 17:12,VPB,Giảm nhẹ,,"-1,04%",
02/12/2024 15:57,VPB,Tăng nhẹ,,"+0,26%",
21/11/2024 16:00,VPB,Tăng nhẹ,,"+2,67%",
19/11/2024 16:07,VPB,Giảm nhẹ,,"-1,07%",
14/11/2024 16:35,VPB,Giảm nhẹ,,"-1,81%",
13/11/2024 15:34,VPB,Tăng nhẹ,"+0,48","+1,3%","0,48"
07/11/2024 16:50,VPB,Giảm nhẹ,,"-0,76%",
04/11/2024 18:05,VPB,Giảm nhẹ,,"-2,23%",
25/10/2024 17:15,VPB,Tăng nhẹ,,"+0,5%",
24/10/2024 17:49,VPB,Bất thường,,"2,2%",
18/10/2024 15:57,VPB,Giảm nhẹ,,"-1,67%",
06/10/2024 15:11,VPB,Bất thường,,"1,27%",
03/10/2024 15:51,VPB,Tăng nhẹ,,"+1,5%",
02/10/2024 16:12,VPB,Giảm nhẹ,,"-1,01%",
27/09/2024 18:12,VPB,Tăng nhẹ,,"+0,77%",
26/09/2024 16:11,VPB,Tăng nhẹ,,"+0,77%",
24/09/2024 16:12,VPB,Tăng nhẹ,,"+1,05%",
12/09/2024 16:31,VPB,Tăng nhẹ,,"+1,37%",
21/08/2024 16:34,VPB,Tăng nhẹ,"+11,5",,
16/08/2024 15:54,VPB,Tăng nhẹ,,"+2,22%",
14/08/2024 16:13,VPB,Giảm nhẹ,,"-0,83%",
12/08/2024 17:39,VPB,Tăng nhẹ,,"+0,83%",
18/01/2025 16:31,VPS,Bất thường,,"16,45%",
08/01/2025 08:26,VPS,Bất thường,,"16,45%",
07/10/2024 14:28,VPS,Bất thường,,"17,63%",
04/10/2024 09:19,VPS,Bất thường,,"58,92%",
08/02/2025 16:35,VRC,Bất thường,,"60,06%",
01/04/2025 16:53,VRE,Tăng nhẹ,,"+4,44%",
24/03/2025 16:33,VRE,Tăng nhẹ,,"+3,8%",
29/11/2024 17:56,VRE,Giảm nhẹ,,"-0,56%",
24/10/2024 17:49,VRE,Bất thường,,"2,7%",
22/10/2024 15:37,VRE,Giảm nhẹ,,"-2,6%",
21/10/2024 15:50,VRE,Tăng nhẹ,,"+1,87%",
14/10/2024 15:45,VRE,Tăng nhẹ,,"+0,79%",
11/10/2024 16:10,VRE,Tăng nhẹ,,"+2,98%",
07/10/2024 15:56,VRE,Giảm nhẹ,,"-0,3%",
01/10/2024 16:55,VRE,Tăng nhẹ,,"+1,6%",
19/09/2024 15:50,VRE,Tăng nhẹ,,"+1,57%",
08/09/2024 16:21,VRE,Bất thường,,"4,69%",
04/09/2024 17:11,VRE,Tăng mạnh,,"+2,6%",
28/08/2024 17:13,VRE,Giảm nhẹ,,"-2,74%",
26/08/2024 15:52,VRE,Tăng nhẹ,,"+1,79%",
23/08/2024 16:04,VRE,Giảm nhẹ,,"-1,02%",
14/08/2024 16:13,VRE,Tăng nhẹ,,"+3,15%",
09/08/2024 16:15,VRE,Giảm nhẹ,,"-0,85%",
11/11/2024 16:24,VSC,Tăng nhẹ,,"+3,2%",
19/11/2024 16:07,VSH,Tăng nhẹ,,"+2,56%",
16/08/2024 15:54,VSH,Giảm nhẹ,,"-3,76%",
31/10/2024 16:50,VTO,Tăng nhẹ,,"+1,7%",
22/01/2025 16:06,VTP,Tăng nhẹ,,"+2,8%",
17/12/2024 16:16,VTP,Tăng nhẹ,"+0,1","+2,5%",
12/12/2024 16:00,VTP,Giảm nhẹ,,"-4,23%",
04/12/2024 15:20,VTP,Bất thường,,"1,04%",
03/12/2024 18:08,VTP,Tăng nhẹ,,"+5,6%",
26/11/2024 16:03,VTP,Giảm nhẹ,,"-4,06%",
11/11/2024 16:24,VTP,Giảm nhẹ,,"-2,5%",
28/10/2024 08:34,WSB,Tăng nhẹ,,"+70,55%",
03/02/2025 08:28,WTI,Bất thường,,"0,3%",
20/02/2025 16:27,YEG,Giảm nhẹ,,"-1,5%",
